"V1","V2","V3","V4","V5","V6","chain","round"
-66.0005774195021,1.27875309347104,0.999681234960693,1.00063774677026,0.000244177435017668,199872.53130095,1,1
-72.7808710685222,9.25781406594793,0.301135751164261,4.02853443301202,0.123570912002784,54609.6788075151,1,2
-66.0170046909193,14.7677518176911,0.362674885028684,3.20831023703451,0.106764241747047,74805.045007865,1,3
-63.054424507571,40.3827224978491,0.382263153391187,4.49260963471985,0.16198749271063,57872.0450954884,1,4
-63.8696323132685,125.04967283652,0.37420738273038,5.78260296185271,0.240188485724777,48420.2735735204,1,5
-62.6195567604313,133.524209538057,0.227344101242136,8.92163842344852,0.257798898787391,33625.222643714,1,6
-61.3844961222241,144.425620554715,0.415829057718815,4.44701177161682,0.222333716758932,71957.6581784294,1,7
-61.3606886549131,260.922663755707,0.415804532076741,5.57254640165337,0.317555057624142,61012.5789781267,1,8
-59.5324640834412,129.75890884148,0.713407557154967,1.95587372338851,0.165152008221138,184060.473750795,1,9
-60.8189437630807,363.381515228854,0.0992058145818141,38.1367708592878,0.434187852278175,9963.16296766048,1,10
-57.7163356484961,60.1984355750372,0.789729360144519,1.57470074966195,0.0936387644995128,254016.152201416,1,11
-59.8996149412827,359.652038076214,0.148907833982461,27.9439810637665,0.425467196591829,15029.1060889438,1,12
-59.2540539141783,338.495049165107,0.19311297584329,20.9259679554544,0.408512934034796,21025.5542263735,1,13
-59.3325139804831,431.588973363244,0.0530921038189991,84.2617658777002,0.48278137996067,5458.19012054241,1,14
-56.9449119534923,126.8498593801,0.561461798203954,2.91437552327039,0.186463711539884,164700.149925035,1,15
-57.9096540976463,297.28725053041,0.414437591017482,5.65113829608413,0.332257745766064,88476.9267102991,1,16
-62.5842358506396,2.93412385940611,0.992571020952466,1.01499293711053,0.00398572719570048,197045.691348697,2,1
-68.2278720150999,5.53708946309053,0.595587480571457,2.24937967503589,0.082679196085734,97804.1871082241,2,2
-66.2251861924774,6.48811461934615,0.795544286228773,1.54158446310301,0.0592986253862964,155683.625618665,2,3
-58.5638291616537,7.23233228889018,0.924010163109057,1.1663193781014,0.0269565020850745,222923.35921163,2,4
-60.8037055652954,42.6283753577408,0.679733198620341,2.13307296054721,0.13104906625183,131265.489789511,2,5
-60.8942619807991,153.575333886821,0.288460452097244,8.94994528497889,0.28040737260339,33518.8697222211,2,6
-60.409521239898,201.838095672856,0.311637783838165,8.97938552684641,0.308883621358243,35636.293778993,2,7
-60.187792148606,302.339222470008,0.0791494858590063,47.0351055452126,0.40928711419403,7227.66454584179,2,8
-59.4897709249454,309.671605207799,0.28936514302677,11.3280378170229,0.375744514966701,31778.6431991363,2,9
-58.9659768167034,317.386973708308,0.236028165924642,14.191596114528,0.377981156434731,26775.4807354032,2,10
-59.0506729944787,439.294533343091,0.0997711567120247,56.4183362965271,0.472196460727533,7088.91129690717,2,11
-58.4911294819343,410.439803935901,0.0691784072865176,80.8101690216847,0.469995769171894,5196.37806385818,2,12
-57.3485646135656,291.949207387789,0.224460016083546,11.3810387651543,0.350610193702438,38659.8822846271,2,13
-57.3828400136875,377.460219533317,0.175066495711474,20.9147035816449,0.421373314685009,21993.1438883412,2,14
-57.5174392477518,484.773251332636,0.0698806721111166,93.9814381748844,0.503197813982581,5106.40215438159,2,15
-57.3575567904412,510.848424400674,0.0412873584605101,127.065173846377,0.516740777431412,3933.99638502342,2,16
-69.7430693575915,3.5318360877952,0.71749683751382,1.7998572036625,0.0648780356861294,111119.481996584,3,1
-68.7963461868886,8.59656802921797,0.802591905734272,1.52562155967541,0.0631101214388223,144203.176063439,3,2
-69.5860843221625,26.2301134785623,0.73732369317457,1.79631043923524,0.0957701157704697,133606.752176099,3,3
-69.6070255192276,66.9184217438504,0.154166893923771,12.5309519493334,0.242899882329128,20747.7029722016,3,4
-67.344618461826,83.0154942556919,0.322979185897037,7.44448846826435,0.232991489028701,37610.8522005401,3,5
-65.084120829578,76.0795629102275,0.352329499290155,5.04299839615611,0.194362286651396,59487.6169734239,3,6
-63.9513187601226,125.129035916498,0.349583868304533,6.28148420455127,0.246729210604844,50942.5333374932,3,7
-61.7755045951886,105.946292481667,0.456128173276351,4.28109818763943,0.211513832399892,79418.108155944,3,8
-61.9533606242418,141.260160771027,0.250646989315908,9.81225214807179,0.272614799368475,36687.9267155925,3,9
-62.0496636831946,184.08848117415,0.2192522537795,11.7153720616199,0.304243293257849,32435.1017279766,3,10
-61.3937782610823,184.860856250385,0.268104763083911,7.21073312746181,0.275533843976832,55472.0001670823,3,11
-60.9259792385985,266.489101152513,0.459417296187773,4.6655663379762,0.306804547595412,90020.4399638047,3,12
-60.504473391054,381.728230000059,0.209812820328876,20.0002663754528,0.427176029644158,21998.7569880795,3,13
-60.2549564195634,429.711113675437,0.163303193809316,31.8050665271249,0.46206175816273,14462.1359139188,3,14
-59.2301792833134,318.930228157741,0.446244753222462,4.9650744313004,0.336119292346005,96674.4892868785,3,15
-59.0581101863081,383.237301029376,0.128816690166355,29.2429737561205,0.433289390848719,17097.1584880321,3,16
-58.8114449053283,2.89791324404558,0.925875781138043,1.15953743555742,0.0224772271009889,172482.435088973,4,1
-64.8850511672603,3.06456825166017,0.989722438192627,1.02081509786633,0.00522806686047313,215514.033486225,4,2
-69.4465063605976,6.38778516469197,0.66734914895234,1.85482270896334,0.0618162344104968,129391.959681076,4,3
-65.3412994437497,18.486780679788,0.424716348901306,3.37799256964229,0.120375804941636,76968.0858196256,4,4
-63.169848887637,45.9665217532497,0.375082180400366,4.46144864988619,0.162514702147097,62759.1081982151,4,5
-64.0371546830089,186.606525238562,0.145734656840904,22.7250802702795,0.34336175174965,13200.3175029323,4,6
-62.0890410765564,131.798376646666,0.214489141989641,8.96769038539868,0.255975391316505,35682.769869679,4,7
-61.4489226171588,130.358421022256,0.62716147186347,2.50082267172184,0.186559363719643,135954.661247062,4,8
-62.125759231435,294.554673738282,0.110139406777278,27.8400756645212,0.388151164549539,12930.035255203,4,9
-61.2363055260162,254.447580444746,0.364343251109876,7.02562309520646,0.320232423808699,54086.8716143217,4,10
-61.4098990669853,405.746314181142,0.0711802810178352,70.5689519954963,0.460996860981168,5667.22927810529,4,11
-61.1068030922778,419.246000276225,0.0753567524619431,72.3926046836407,0.468461499506942,5800.71139946467,4,12
-60.3564276894212,295.799292066439,0.435378688726766,5.21204531028628,0.329778990239198,84419.025881598,4,13
-60.9312144108645,470.858107606567,0.0251834398440666,171.328207730542,0.503190318971862,2683.91105885608,4,14
-59.7599757260456,330.228140009382,0.212668803106436,17.3011905611974,0.390054070220181,27742.8132519369,4,15
-59.9889718149124,410.689579012546,0.0822245544397769,54.9177789582172,0.457070456186296,9103.53789969502,4,16
-63.255793109623,2.75816999164241,0.895408066799045,1.23088331062111,0.0280424332821762,162484.751714291,5,1
-65.5133945067302,3.01809352335391,0.987339409825154,1.02567840720216,0.00598575224511666,214492.157363038,5,2
-71.5390199527194,8.71039361038064,0.465736128365704,2.93180584026136,0.104548546876856,81860.1507952231,5,3
-66.8952196157176,17.2483100869478,0.427704892618414,2.74070600696416,0.107383573048063,94865.4319823582,5,4
-61.2217894649805,10.4473908200277,0.9762502290371,1.04915190933094,0.0137445911077079,266882.182034513,5,5
-62.2148763215975,55.3206475963853,0.474454390750624,3.86486155838028,0.173107853020864,77621.7027692491,5,6
-61.4850362990861,102.419709318406,0.469243557194451,3.7536586262765,0.191716068766934,85249.4268106083,5,7
-61.5260355799247,218.878195993316,0.327955437809697,8.51389896436019,0.320517816973548,39933.8173382339,5,8
-61.2191852334445,269.156201425861,0.177326881248237,19.4782497351494,0.367407468323571,18481.2047588306,5,9
-60.8164566017015,319.238038799878,0.190448446292423,20.9794443129292,0.396415856141806,18112.0154964702,5,10
-60.2087391186481,317.866892424303,0.164614333882617,20.114479493447,0.38903468351939,19885.2217678827,5,11
-57.7695636157982,63.5851610864008,0.874847285954085,1.30523057710874,0.0773251942084996,321781.991729807,5,12
-59.8878427778013,367.420278053118,0.171348949936745,23.2846629908862,0.418737719702968,18895.6016008724,5,13
-59.8773611230716,450.713434955094,0.0819036357266813,71.5105744588778,0.484953937286298,6431.62906678567,5,14
-59.7875615152677,508.048494943427,0.0396606488004306,148.731679576503,0.518887836967458,3226.29495867305,5,15
-59.2311169034678,404.026575119802,0.284171862274711,11.9379609289327,0.420513424891809,41882.2833307675,5,16
-50.1543647221437,1.00000135997535,0.999999998640024,1.00000000271995,2.42074907651905e-09,199999.999456007,6,1
-59.0085691378905,1.00941446049871,0.999990547368758,1.0000189054539,9.87519014845055e-06,219995.840859867,6,2
-63.3123130897914,3.67098741468133,0.943546467251,1.12123409187004,0.0209792563672891,214049.751524341,6,3
-63.0200006474862,14.7295550304327,0.854075953519184,1.36047169592075,0.054154505378864,191109.921879672,6,4
-63.021775877364,72.2980184215561,0.236974772787011,8.07638069177848,0.220735917174944,34668.1185891918,6,5
-61.7704648357302,144.635632169757,0.155654407057327,15.0802442713463,0.295066560145506,19892.6432696313,6,6
-61.1210782022793,182.27187510978,0.109200326094786,28.9737239469742,0.344935111217684,11043.5243593204,6,7
-60.6977123219664,268.660513476732,0.0902282687241091,34.4699177666154,0.385333179752641,9862.70208956104,6,8
-59.7693656571037,238.769105498223,0.26371118698726,9.48494470338016,0.32410805354221,37953.99196196,6,9
-59.4612440833481,292.564064963138,0.277966252378313,11.3996609070992,0.363897559563496,33333.4125820428,6,10
-58.6443279878828,203.069223706094,0.625745389720104,2.54362965841215,0.228559713735644,157254.989948569,6,11
-59.5497532247296,432.030251126556,0.0597031024818586,86.2861561814932,0.47893782336842,4866.53632776865,6,12
-58.7576067995316,370.213837870093,0.170070498843648,25.5338525161471,0.426655979392489,17231.0647527041,6,13
-58.8052137106972,451.267619966437,0.0700722322810216,81.2603978275091,0.486813664969344,5659.82633267394,6,14
-58.4935221857705,518.835798378103,0.0490475679316852,153.473626142366,0.523360758823094,3126.5797135143,6,15
-57.6316201635031,364.854335965663,0.240688493096915,15.089271100614,0.406497575495787,33135.1930366188,6,16
-65.3113617852803,2.11137149632726,0.996948462518935,1.00612273245564,0.00176344707298824,198782.899367652,7,1
-71.1740451755837,5.56624053320703,0.871224475590848,1.30705749926225,0.0432799367985509,168316.767292396,7,2
-73.0861117184662,11.9553198514517,0.436647096622627,3.47483599780095,0.119388385588357,69067.295638002,7,3
-60.1189602268621,3.52084905206365,0.991745387012119,1.01668202131233,0.00443098515878726,255733.826179309,7,4
-59.8452200716569,10.5640139649699,0.725123848141458,1.79374302906921,0.0726853033674451,156097.725101366,7,5
-63.1670888633268,54.0652180035974,0.1498447043374,12.8835820118034,0.238547321812031,23284.5272458807,7,6
-60.9407086244267,67.408889364575,0.401003467621047,4.59799923704552,0.182944594276568,69594.7053256003,7,7
-60.3105911880034,141.997778674911,0.15156384246139,16.3151757186787,0.291405884011597,20838.5548915665,7,8
-60.2125307419535,240.175092150487,0.126814714242921,23.8238599726724,0.355706829084856,15109.9434134328,7,9
-59.4148918415681,230.129372240474,0.235115728956529,14.2109841475229,0.338003768758907,26738.9496066195,7,10
-59.4803537445719,345.192554524911,0.0600439322241226,65.1468424117611,0.434386828607118,6138.99059711022,7,11
-58.8959331335501,397.616391472486,0.0486338407717012,91.8049871683203,0.463448263451633,4573.92575009835,7,12
-57.6168684638746,279.096063476188,0.178772295017761,11.1322338526284,0.33968874675152,39523.9512184014,7,13
-57.9390926489963,393.084446386967,0.242467570248659,15.1415926505427,0.420587670619919,30378.96138093,7,14
-57.7087026334527,423.126644546458,0.188137614761326,22.3683392741081,0.444502702666725,21457.9466868062,7,15
-57.8826524857203,523.068595313132,0.0590414370702638,91.0031850974524,0.5181673915099,5493.32417430837,7,16
-67.075835442965,2.08576362303878,0.520975276555149,1.99682307221459,0.0567897921322322,100158.599905466,8,1
-57.4913686408526,1.03379363744637,0.999965669159972,1.00006866412861,3.19604502450232e-05,219984.894860224,8,2
-60.3375131332199,3.82220359532966,0.969897175376867,1.06254814147376,0.0129509764755886,225872.059894355,8,3
-59.0708061114207,5.00707968425405,0.992201619033434,1.01576238117856,0.00486113156579162,255965.360654417,8,4
-59.0689689342131,27.8359590307828,0.47501252240418,3.13432046722952,0.126186962358,89332.8772853292,8,5
-59.4503819741843,73.2616035449008,0.420965776414436,4.29124573032524,0.179093623655352,69909.0025591614,8,6
-60.3748499444316,185.098063357681,0.248164823596475,12.2940389996009,0.314984458071906,26027.9559822524,8,7
-59.7650677535174,230.027712823276,0.238895746638222,12.7369792585452,0.332990243134612,26693.005938447,8,8
-58.4400163640057,195.349431370132,0.342269737817787,7.20510138128824,0.287062685210659,49963.7376118385,8,9
-58.5498182640176,241.485046674444,0.216553962809569,13.5579338722249,0.335681966943073,28026.9431621531,8,10
-58.7153350211668,324.10907812486,0.109900531130844,27.6303193731364,0.400480998275921,14475.886587215,8,11
-58.9917968688693,444.363898417138,0.0775759027490461,75.6038149294483,0.479007088477454,5554.28844958825,8,12
-58.5750377598471,406.122114107393,0.129407456491325,30.1823830408666,0.439297788336046,14577.0735516451,8,13
-58.3535528334787,465.498863215357,0.0828033465453134,61.7903796179747,0.48479217063394,7443.54076365695,8,14
-58.3694866902794,545.997367431907,0.0777049584622268,105.124290023717,0.526911309811397,4565.03321339699,8,15
-58.0173557500222,532.754068939746,0.0431493324590903,137.251311316435,0.523816822209588,3641.95972790186,8,16
-75.1867874521134,7.79904949826981,0.653249584466158,2.17929068158854,0.094678167427405,91772.4387999668,9,1
-76.2456032282781,8.66445477539913,0.354519064932473,3.74692356330444,0.119956783642245,58714.1022086753,9,2
-76.7125604882495,15.2611327895503,0.51534920555596,2.83062736285795,0.106911409491277,84786.2111820662,9,3
-77.3950836250935,20.5001603086097,0.41884977784402,2.90265698127209,0.116122437052352,89572.45000467,9,4
-71.6959980438507,4.85151755903892,0.987751220092926,1.02489061226794,0.00660850414856691,273199.863241697,9,5
-68.5660752512137,18.2250819108067,0.422063326358732,3.83157850877281,0.135565027153582,78295.9732457982,9,6
-59.8138098218954,11.7123194589993,0.954111622991149,1.09788126513773,0.0219491340547455,291470.409669742,9,7
-61.4550765371713,69.2570500621189,0.503779814467668,3.72999350409636,0.189170791436274,91152.2418537933,9,8
-60.4264976228745,185.323362261602,0.219248249576326,15.1294698356145,0.320956244018703,23793.6870493316,9,9
-58.3940875466975,105.860229728539,0.767684947695685,1.69117184481349,0.131116038668036,224695.858077179,9,10
-59.4025680074974,316.128382406658,0.10047030040921,37.0157701524275,0.405884240929147,10805.2319995719,9,11
-58.8588291729398,330.997694060283,0.0978009144742575,43.8226199693218,0.416966092350641,9583.11432707731,9,12
-58.5974753769837,357.54436544729,0.150776121150744,33.1913122483758,0.426392555554084,13255.511120568,9,13
-57.6340558243831,236.23315540934,0.497084706304524,3.96669732268972,0.276876277722588,115964.74242313,9,14
-58.0418134492886,390.363544770339,0.189314936337084,22.0731951868745,0.42794929421868,21744.8775629149,9,15
-57.9766468543606,508.394989670701,0.0636234693214116,87.3446511705669,0.509261651822029,5723.46043491438,9,16
-71.7293734610201,5.03660647995118,0.465598571629463,2.52589286378578,0.0830156062756492,79179.3179223568,10,1
-63.3843433078157,8.55608765298986,0.674583524787984,1.97706785142273,0.0758637214196679,111275.403506963,10,2
-65.102448611969,56.9655446198374,0.221263356709298,9.8190667602475,0.232847787810201,24441.3432311202,10,3
-63.9559542265421,117.800833547854,0.20840111002467,13.3775535651539,0.285794383840212,19434.6164365994,10,4
-61.7648905382313,97.36646042624,0.304198106496539,6.23162543373822,0.214313144234391,44931.257716483,10,5
-62.4763393303832,271.264144808084,0.0931145195970817,37.1782437322203,0.393607045046928,8068.26228253785,10,6
-59.5407529930497,152.864085646375,0.619112100075918,2.57788435316914,0.203721422304251,124132.186813316,10,7
-60.2778459188669,379.943625103701,0.163389113729155,24.7584468533218,0.431127623607251,13731.7273372363,10,8
-57.7844232357122,91.4302018066295,0.878998992819945,1.29403139352273,0.0896358914438822,278200.133141875,10,9
-59.6416156755821,452.315863768534,0.0559087071453424,80.5847975229801,0.491129075485196,4714.54203114055,10,10
-57.0118679365707,96.0526435670411,0.838029684300374,1.42278625842513,0.107969772490855,281138.206701155,10,11
-58.8234372398524,458.421913630149,0.076749601133443,66.6434363545642,0.490457718370852,6301.21103259393,10,12
-58.4623100826073,474.842539232032,0.0538100730603801,111.015440455918,0.507785610683424,3962.42164606087,10,13
-58.105800898594,445.385439098696,0.101173414604113,53.086699897519,0.480003005988245,8664.0893872623,10,14
-57.743947456475,506.995207096235,0.0428830955468566,136.76932751787,0.519930020836163,3508.56613173686,10,15
-56.8966815812724,281.086995493902,0.38011813446241,6.109187371995,0.320693625358819,81843.1094607482,10,16
-64.0928292799353,1.86774172876313,0.997991170830651,1.00402573662537,0.00118776415971656,199198.076980043,11,1
-67.2591687973633,3.74452122296277,0.955785196830694,1.09273049674702,0.0160848422789957,201330.435934576,11,2
-68.2910601539102,5.0312282239709,0.892499767692909,1.23994813085846,0.0306479311577678,193556.290039898,11,3
-68.6361348129141,22.0639776482568,0.388573256913452,3.81261929051883,0.128432856820774,68193.8498334859,11,4
-63.2671335985391,8.54650334540945,0.983653453555386,1.03345763489879,0.0098500759053331,270935.11827378,11,5
-63.361452400753,44.0567125301129,0.717759642312273,1.91294449850828,0.114848877186955,156825.818671894,11,6
-63.9286691921649,157.931788491604,0.105144181744856,25.7470393915525,0.325712589255312,12427.6522833245,11,7
-62.2257383772081,244.868049352823,0.15614272493094,18.4862843426055,0.355860590334882,18391.0680677279,11,8
-60.3667884005298,199.727461725882,0.160768073527639,13.6952274382584,0.3100938944387,26285.602510817,11,9
-60.3904482544031,336.773851142926,0.109020101507134,35.4762564152644,0.417939377404498,10710.4176721805,11,10
-59.0322070083322,215.007797980446,0.479362278265017,4.23379378776674,0.274961819623862,94477.1489234769,11,11
-59.0589915534171,280.521509911827,0.324032723034304,8.97518332839195,0.354526351119701,46794.8129225492,11,12
-59.1550955662854,366.741722663777,0.187993605725343,24.3018592435512,0.431268099738878,18104.6517337785,11,13
-58.5157976942202,287.951926595107,0.498382824975702,4.00069876504109,0.310437736052901,114979.16396862,11,14
-58.761034784818,466.591336091476,0.0577813832106053,106.760105048436,0.501392900206265,4495.07088305029,11,15
-58.2164214247065,441.273603444545,0.084115654919491,58.7844033976871,0.477597557601355,8504.67448140678,11,16
-69.093732678281,5.50958869258096,0.807805504575901,1.46128253386528,0.0456577869220461,136865.755991852,12,1
-69.7994648770396,6.63439033379299,0.617816337025996,1.95329418634773,0.0630733771476282,112629.755537662,12,2
-69.1614898362473,9.55441305879891,0.75673379090845,1.63998975207299,0.0618241687489113,146341.987627798,12,3
-69.2737278064921,17.9562833193557,0.270501954717526,5.26658162734587,0.15230486751683,49367.0756097233,12,4
-66.5028360298394,34.374610896387,0.659875684909452,2.24850040270939,0.129605307288875,124526.885188789,12,5
-65.8764404511673,134.78122695448,0.193514955007304,13.9633346622814,0.293749273472334,21483.9108191303,12,6
-61.6590964987375,71.102235817872,0.691588088391283,2.02975445511877,0.126962665414921,157654.030237663,12,7
-62.5451101021284,236.75796213299,0.230754912452692,10.0277968092112,0.317114745600784,33904.8525459087,12,8
-62.092244034556,265.174275006303,0.119853081878935,22.5739395610373,0.366251732355439,15946.6372729124,12,9
-60.9090620895888,210.858216917017,0.191287098848646,17.7215550177983,0.338121165066588,21441.8699724346,12,10
-59.6267298249678,238.320246653965,0.374317699456579,6.62955634519784,0.311488954995962,60335.0133254876,12,11
-60.0418985312031,379.764579184015,0.0897384593660567,41.3956968583445,0.440049470203254,10145.0062706773,12,12
-59.3539200744342,299.228632173867,0.34187500803467,8.12318103099936,0.354218863510764,54165.095560926,12,13
-58.6708026763305,254.051748159917,0.428312580251897,5.25536496103642,0.308531583392606,87528.7916322133,12,14
-59.2075440134105,447.282438765512,0.0671080360901342,86.9559411170799,0.487990361507102,5519.04835615125,12,15
-58.2558398623583,416.996550209977,0.158160867650746,32.9077611950748,0.455463790977247,15193.0144749505,12,16
-69.723275467054,5.32726245638138,0.896674315561695,1.2311231949182,0.0316468483875408,162453.091373149,13,1
-62.73792448766,1.03437102781391,0.999965520251077,1.00006896284632,3.69914723846227e-05,219984.829151072,13,2
-63.6473716894457,6.32015240886908,0.955410121980126,1.09482139280507,0.0198394934240281,219213.751900939,13,3
-63.9615582552812,18.1010501647678,0.466413307750955,2.99803238465628,0.113808521462078,86722.8797429218,13,4
-62.0581593432502,42.6093378543021,0.819254066388732,1.47819581636658,0.0809814520140117,189419.776935046,13,5
-62.6968136408288,165.306062235523,0.462704551290775,4.52724032368074,0.258783065464475,66264.7554137384,13,6
-61.6264842529063,195.904670008159,0.26031481096689,12.4253150599578,0.325157603345706,25752.954601565,13,7
-59.5437554340212,96.3310404784041,0.8058068137166,1.53798145299021,0.116059489689864,221068.636007232,13,8
-60.4913797546897,240.032656574342,0.253441273970165,13.3920168725344,0.347557939291018,26880.7612307448,13,9
-59.7459962613246,218.816776315987,0.34730291143464,7.13654213556614,0.299954138592526,53246.2159156815,13,10
-59.7465168656009,264.742510202311,0.143535495360913,20.3324821674279,0.360180874962426,19672.003849597,13,11
-59.5922080904083,345.310917223332,0.102952647894792,38.6902900374388,0.420119375927521,10854.4626885414,13,12
-58.8431612168217,360.109916942363,0.127224490836019,36.0456699838568,0.428304524009234,12205.7643663555,13,13
-58.6534358319973,405.850664740144,0.115033728645112,49.1944051855082,0.4563410305594,9349.67713819499,13,14
-57.828915597616,407.262316759269,0.163356561832485,26.8083127093288,0.441650076222549,17903.9313976108,13,15
-57.7038735572587,460.647138814013,0.13344629679543,40.3763972944502,0.476770577527821,12382.497127664,13,16
-63.6466943394988,1.00677665265111,0.999993211413351,1.00001357728763,7.694909882754e-06,199997.284565766,14,1
-71.8730467772255,5.40753963287304,0.542673332300993,2.07495932028633,0.0656443373781322,106025.656929715,14,2
-68.860092708668,11.488963372622,0.852045970361062,1.3664475089727,0.0532083997632966,175637.653093162,14,3
-63.3966736885796,9.28070143705442,0.947873630923941,1.11167143138392,0.022562312939379,233881.955574289,14,4
-63.6479545151813,48.2020992936019,0.434386729096757,3.92013617040582,0.16086743020278,71425.3453661062,14,5
-62.8898208644202,132.978701658597,0.299387146216321,8.49110204101187,0.26773796842629,35330.2206738335,14,6
-62.100397173437,214.764384944834,0.437572662482994,5.08515635832611,0.290121804695998,62927.4484956462,14,7
-61.1908314231513,270.433008339395,0.193961337180166,17.3862446980794,0.366899354870817,19554.7468479301,14,8
-61.0221431807735,311.265625574487,0.157054516923907,24.7140332855417,0.397636048794153,14565.6632303492,14,9
-60.0345241423028,255.130448987779,0.224197798509613,11.7625056622294,0.334047494033462,32305.1268477766,14,10
-59.8888032131682,319.317755257055,0.184281567566434,18.2971091745295,0.388218726305489,21860.4315595592,14,11
-59.7566881915815,366.547258995791,0.0928109271353039,36.7711199758351,0.431353213807224,11421.0344713689,14,12
-59.106015176762,290.128076158186,0.425239945890024,5.37218796841757,0.326813478567647,81902.5005060836,14,13
-59.5864819758112,465.85254680099,0.0749475423071072,71.6051257618759,0.49111307227695,6423.13507346184,14,14
-59.5232881368002,507.026208180283,0.0462556652215805,115.003488179189,0.516082067398996,4172.79513754045,14,15
-59.1043554667393,441.471335755418,0.197370155414954,21.7792553229204,0.455302300154754,22956.6719931393,14,16
-73.6763478443903,5.23135651395808,0.904381909950401,1.21285585772146,0.0303378543474513,164899.881440825,15,1
-76.1599937096483,10.4932663382705,0.961387756983691,1.08165057172967,0.0198459109483874,203392.781457376,15,2
-71.1429879393564,1.52369560358851,0.999444806252311,1.0011112457329,0.000469502487649231,239733.595953213,15,3
-66.4024951013555,3.06390373135783,0.811319669146218,1.44288431789574,0.0398512207041974,180194.319038103,15,4
-63.4237003251403,23.5069038644056,0.811714046803785,1.49644547942372,0.070892240784684,187109.725949104,15,5
-60.7692603575594,30.9168441911215,0.905328138845179,1.21888105856274,0.0493601091676248,246127.199213317,15,6
-61.5964618640313,79.5186193029308,0.373676510831774,4.29681564949849,0.172525162110261,74472.9886681071,15,7
-63.1062188527742,227.053105355089,0.245341360645655,14.6310207447888,0.350144290222885,23237.3649706061,15,8
-60.7427872861197,166.49487481647,0.339808345901126,7.47464827061388,0.279053777745476,48161.9351574087,15,9
-60.3463774915781,301.699313881656,0.111094474333996,39.4660833362222,0.406792622952289,9627.54602676023,15,10
-56.8525624183398,53.1783511158817,0.92035706961982,1.18028112194872,0.0548913077841256,338902.158375627,15,11
-59.3482131585656,349.151477197912,0.143162324374338,34.3628080220995,0.426976448910314,12221.5459470732,15,12
-59.1646227197575,359.706265861305,0.126791709604468,39.9967023257907,0.434345813287015,10999.9319350223,15,13
-58.8821396048752,393.758201006456,0.0760634426301107,64.998445489028,0.456850403198481,7076.10771234561,15,14
-58.9260780089303,434.09509613259,0.0722955540357253,85.9019180437269,0.478046411320634,5586.77976969945,15,15
-58.9772546173067,482.243448187818,0.0384434325005714,144.326944365173,0.503561217593715,3463.36351100355,15,16
-75.8931361892759,11.1198074266324,0.594520842631868,2.60354353088199,0.116366298754021,76817.765509263,16,1
-73.9862699064572,8.81510388721514,0.613083935536513,2.05167868760655,0.0748075629439128,107228.753530203,16,2
-61.7654988867226,1.92945742192696,0.998914594986116,1.0021739922284,0.000825649091894193,239479.371533421,16,3
-64.1969188438748,20.561217347102,0.749277226843609,1.72487465487595,0.0833154761468571,150735.170458665,16,4
-64.6258009904605,116.804964386399,0.260451611236993,11.1730441581684,0.27978098680635,25059.4039507859,16,5
-62.2033173823257,130.34695923125,0.267876483753299,7.82808059169404,0.25090003209231,38322.6984421895,16,6
-62.1217594444936,180.556792504357,0.149326435655618,16.5895566939086,0.319089784197857,19288.3038587812,16,7
-60.5733204477583,129.007487570488,0.468664869449161,3.69070287998451,0.203546733877406,92122.6444786678,16,8
-61.66190663412,299.603431363425,0.0886355644527412,41.6358232773291,0.40808876068825,8645.42443813868,16,9
-58.7853817909433,64.2016614225135,0.881236427115889,1.28662692049433,0.0734321310646756,295345.688263948,16,10
-61.027464913819,340.536376476121,0.0560810618297725,65.7207084562952,0.433957578722637,6085.37687014897,16,11
-60.3246401224086,287.518505193099,0.202396353021968,14.9271005335193,0.361647357446027,28135.8105630235,16,12
-60.6481959183435,396.269047751941,0.106155762680571,52.4061978067075,0.452691601948056,8394.97258145015,16,13
-60.2163418441574,395.159299986507,0.0484700211158483,80.8537700914284,0.457358031426967,5688.29561733788,16,14
-59.8557983232602,394.794192338048,0.20577619114944,21.4854643476583,0.432622407004886,22339.7319567488,16,15
-59.9343713554798,445.889137493844,0.0747798982610273,91.8139257511348,0.482318914011533,5444.80787421771,16,16
-69.9061976887648,4.16740315725519,0.913818525915135,1.18962039824902,0.0277132396138497,168120.696881988,17,1
-66.2486177365759,2.11556467443912,0.998548391036479,1.00290868331466,0.00104374355808416,219361.942668791,17,2
-67.8070670912907,13.411319658607,0.726109203665275,1.81272882962475,0.0826900668407297,132396.629515439,17,3
-63.5189839950626,20.7155629477107,0.419318937013444,2.96816742293543,0.115669996606668,87595.4738320918,17,4
-64.6230934667642,109.879512156152,0.149062168017262,15.6146603391789,0.281718386759239,17930.9302415597,17,5
-63.0802835245105,203.486941019916,0.138874421078126,23.7284446766834,0.34614616996807,12642.0958291603,17,6
-61.8384337231868,210.774486988388,0.132409481863917,20.4769935208429,0.344485688497159,15626.3429306608,17,7
-60.8933536483185,177.638510709395,0.214026269726908,13.286760184701,0.305223666292035,25588.4586217758,17,8
-61.0515201320452,260.329555865133,0.117295554442843,26.6946349824469,0.371276260905261,13484.8933326994,17,9
-58.3053646693449,85.6013541911648,0.733940941022659,1.8369724904714,0.130321923505917,206861.651438117,17,10
-59.5209331107213,271.947214586547,0.127339601869431,28.5199868622585,0.379839141574583,14024.2869632467,17,11
-59.1664510655831,333.216507988055,0.0921894827366083,50.1191565702187,0.424735759383907,8379.04923914898,17,12
-58.2300173154466,367.649686055566,0.0646445891910926,74.6721550570672,0.447571221776352,5891.43740851324,17,13
-57.8310952273427,357.654444544971,0.11586628310028,39.9298144364746,0.429581072606762,11519.2388592915,17,14
-57.8626570124454,408.96861081131,0.0581255451257274,72.3730962633661,0.463310571614258,6631.31262214589,17,15
-56.8682651413932,279.970115470964,0.251538191237655,12.0714172816903,0.349950592461213,41419.2399196529,17,16
-57.4180488753092,2.00001306044017,0.980907881450977,1.03891270346983,0.00774079208266236,192508.918621487,18,1
-66.4030252069229,4.52906561430021,0.602870819773392,1.98099668779956,0.0626696578502321,111054.713192491,18,2
-62.362106827275,7.99130871419965,0.974419048967895,1.05305527651313,0.0136184507581541,227908.213649702,18,3
-63.2979987813175,37.3545630634563,0.428908418252266,4.53494525053776,0.177060644254786,57331.7759481934,18,4
-61.9217681677439,103.179373335548,0.242453449045165,8.76135199457929,0.246515558997705,31957.6520602665,18,5
-56.4186881506105,8.5973870742333,0.943094375547062,1.12128144608888,0.0217460290132587,267550.916645034,18,6
-59.2508925299247,71.2384020512975,0.824048382520203,1.46981454199684,0.0977234966418981,217714.222468672,18,7
-60.4994493309065,215.514265798653,0.0855176200653786,33.2063306490122,0.359803075990246,10238.0415700866,18,8
-59.5752253970466,168.740791014307,0.522368737765574,3.54600746793692,0.234902837241852,101521.910836501,18,9
-59.7691154985483,279.741630645252,0.163723093769324,20.9295105768347,0.374644762637698,18155.2296238378,18,10
-59.3615013714538,319.280322418385,0.120680315576065,28.7980181631948,0.399152375244603,13888.8794237767,18,11
-59.4488446784257,390.863688490511,0.099254447562158,45.1913928188084,0.444321774609648,9292.8272909345,18,12
-59.426479603189,430.860025354612,0.101953283373942,57.2529341938255,0.468103410320637,7684.213099866,18,13
-59.1184981500681,452.428350193101,0.0628814381733324,101.860579302832,0.487849331976277,4514.98648789495,18,14
-58.1738665800806,322.795719838198,0.151255805599202,22.2430849210049,0.390163419480702,21578.7854326609,18,15
-56.3045984222414,92.0083505467033,0.867612290432634,1.32782122011206,0.092559463480149,376556.470558532,18,16
-64.0024124104584,3.81570923806204,0.982153719280601,1.03642900846453,0.00826945314870437,192970.248745845,19,1
-68.1231878265209,8.60559441394641,0.812208038085067,1.48760467277424,0.0598161166925346,147888.425211002,19,2
-64.2088788091488,3.8409306860788,0.986875358062725,1.02666657094164,0.00655520487838199,233766.229588243,19,3
-60.7752490998757,2.92980097251395,0.997071687921026,1.00587944450492,0.00195559687210082,258480.273695723,19,4
-62.7947776822082,24.0604459606587,0.691539166495805,2.00621373445274,0.0996046508957052,139565.884219734,19,5
-62.5876529208381,93.1531185791419,0.262969300726987,10.5723702085857,0.260390709332545,28374.9454170896,19,6
-61.9212413959231,148.66266201986,0.222327066312889,10.3994132915743,0.27956279903062,30770.0628473524,19,7
-60.5064323296511,164.437821844955,0.340987950549411,7.0843788396191,0.26890679929183,47992.0573560889,19,8
-60.1243285792722,258.046319439571,0.0896256481813414,31.5082359914263,0.375051029752179,11424.6158298806,19,9
-57.2119972412396,64.3560460891883,0.853803106845104,1.36902437460645,0.0827522660403845,277569.660572251,19,10
-59.2989841044504,354.794321862346,0.0751569968167521,55.4863030208002,0.434179015113175,7208.00435038601,19,11
-58.7733640897295,330.988679852425,0.0916028406878284,40.401174660513,0.413890682602335,10394.7620894792,19,12
-58.5527253755479,334.439030332015,0.107412349662271,34.9684912969197,0.409783339352342,12581.7847757778,19,13
-58.4720474261955,379.150639630931,0.106704822203179,46.7920124363991,0.440200794175317,9829.7590537103,19,14
-58.0046391663583,348.069532503536,0.150385447024132,31.4621290679144,0.419162304008299,15255.4690997357,19,15
-57.9342385499213,412.668112142356,0.0586919244505721,80.8136141735577,0.465713697376158,6186.08870966411,19,16
-76.9779063215453,10.7360117284832,0.86173320654317,1.33769877914109,0.0520156245280279,149510.237594706,20,1
-74.9944679538962,14.3908859690957,0.91722312874244,1.18735176701633,0.038689787171322,185286.128979464,20,2
-64.6959958915529,3.85053565656169,0.966514293944893,1.06988459882724,0.0141347354232731,224323.19371471,20,3
-64.364109657579,13.2896622224173,0.891481229185351,1.25452191590847,0.0444890769990863,207250.062497972,20,4
-65.0249252834153,59.7109327639399,0.379236026975575,5.18935615922167,0.189523995640322,53955.7898972335,20,5
-63.9952507676785,160.870558260414,0.164598751963446,20.3434957752647,0.322392201905063,14745.7772132008,20,6
-61.6440511662821,146.675593469744,0.281196025383308,9.65464816339376,0.285788995379611,33143.7603845636,20,7
-60.3515736670898,112.24022207878,0.725078048674025,1.89479161174574,0.15296327048231,179438.785298666,20,8
-57.5887711666038,20.0855666683796,0.977613824329873,1.04631199895283,0.0178466731593635,344065.588512955,20,9
-61.2572656260277,316.387767882772,0.0775780587299227,50.8926431658939,0.423668678808724,7465.71770672272,20,10
-60.5239762374844,331.811183189135,0.0754817246941161,62.1879523769559,0.433464992772008,6431.13009205387,20,11
-57.1530438864855,69.5188389312389,0.672670631630809,2.10944932130663,0.125694716192587,199103.569972415,20,12
-58.6553249507526,242.163607801342,0.519617635658935,3.62243419550077,0.273765552847939,121464.56051744,20,13
-59.530955599531,487.399713269133,0.0327804127824487,152.61725210041,0.512121052410217,3013.08257152838,20,14
-56.4397277797928,74.8455137015301,0.897668175920335,1.2407406169206,0.0743116439776373,386865.516219008,20,15
-58.7486823851845,462.161579193206,0.092363118820059,70.4982408291624,0.489682471259487,7091.38973881133,20,16
-55.1189897787701,1.00683303685464,0.999993146333188,1.00001370743315,7.37423300874635e-06,199997.258537241,21,1
-63.9334580382209,2.04765208230306,0.960221817396799,1.08271465675631,0.0136274134211809,203192.887352298,21,2
-68.2663021537133,16.3971056103558,0.359747732407759,4.80081570755478,0.152442490418169,49990.71278466,21,3
-67.9161892619845,61.9789942456521,0.165077929593877,11.6635097548391,0.23889993579806,22290.8319977496,21,4
-66.0041754593958,107.549188278029,0.343294880021394,6.18394411857349,0.230788190009476,45277.7079916363,21,5
-66.1115479597668,209.707488254652,0.184683008522096,19.2656183172716,0.345929428678804,15570.8334599292,21,6
-58.3392909771416,1.7975743240443,0.999150377830523,1.00170129649418,0.000788174987180019,319456.508061489,21,7
-64.4152527960437,213.298762734303,0.0800327192515736,37.6535806900893,0.365271724831299,9028.71227864363,21,8
-62.2855302615043,214.111064293627,0.229804015814415,11.4356245918349,0.310534655969428,31479.659152457,21,9
-61.8582656649022,207.629287980996,0.221445289362247,12.8755064976428,0.31501109700763,29512.4797251134,21,10
-61.8155753566922,225.392826242249,0.148690443956548,19.5922465362327,0.338814404130767,20415.2906593577,21,11
-60.8948584148059,200.716073123165,0.252054706011631,11.2323161836114,0.307923904619361,37391.1988225761,21,12
-59.9071133402129,135.797075511986,0.704325325253631,2.00397546564765,0.166936566490515,219563.065299332,21,13
-60.665179447472,291.323844248498,0.334836774052925,8.04441781395469,0.340308513789493,57181.6340480132,21,14
-60.812985249407,365.583329810182,0.15036546266224,24.8821147513708,0.413661948016728,19290.0049948145,21,15
-60.4126459095625,296.571359171004,0.348251848950569,7.68853335744889,0.343558371266684,65031.038848112,21,16
-72.345051319891,6.74747270147624,0.47757536398279,2.78321083153513,0.0970489596215627,71858.8094420213,22,1
-56.4409166908427,1.02675522379524,0.999972965980753,1.0000540696685,2.65170439663985e-05,219988.105262005,22,2
-61.6291690979515,8.61714144253678,0.46352190587066,2.85182150972543,0.0969057650092017,84156.0901873834,22,3
-60.7075517277666,32.6500534703035,0.805409635032851,1.52328808557752,0.0782449010874913,170683.06328368,22,4
-56.5459260547314,6.14703393567386,0.993152043078504,1.01383285092642,0.00499132251016004,276179.634454774,22,5
-60.5817305282049,110.537902115836,0.337741244056637,7.40032728112384,0.253376650099542,40537.8827523727,22,6
-60.6642622188259,295.339818447233,0.0482684695011193,76.7179866667799,0.422703431689836,4170.13396305986,22,7
-59.477961691685,224.218694805723,0.154951829370172,17.5827102683851,0.335838281356185,19336.2349746657,22,8
-58.9077259801962,253.029443786659,0.247995086701121,13.4473720479518,0.348804054806228,26770.1043229636,22,9
-58.9895589487362,336.048461111684,0.0619280283203242,56.9259583402208,0.424566149714115,6674.35533757252,22,10
-58.627529422261,322.062356269613,0.0985457481597893,36.5049901198919,0.406244931234076,10956.433452181,22,11
-58.5339584367927,371.307980921338,0.0765217672528801,55.0990314886117,0.439666436368409,7621.65666970937,22,12
-58.4313712735718,386.431139995229,0.131832050042353,39.3946575897996,0.439940267797395,11168.0525272307,22,13
-58.2920009318477,403.794696943397,0.197926761214162,22.3825458625071,0.435385589610045,20550.7729207053,22,14
-58.3179085426902,470.770651202221,0.0537900869239605,104.295661644742,0.49248646904313,4601.31031871491,22,15
-58.1983686998021,478.829875257433,0.0342340461914339,136.316610812517,0.499598401390398,3666.93890156968,22,16
-68.5919216681389,3.51284063223309,0.427226465525797,2.65336551504357,0.0843053224000442,75375.3470798894,23,1
-69.4704005317507,7.34051186321314,0.46194864675558,2.61169398356823,0.0880446544323045,84235.8981116607,23,2
-67.8255384174992,8.88962209529385,0.821712556860325,1.45383555242305,0.0544687747791078,165080.256678658,23,3
-67.096830999463,45.9064802454948,0.347630605783102,6.26148049645814,0.203892239975303,41522.8856252664,23,4
-65.9413215007828,155.553871184314,0.107726675557131,25.2872682281997,0.326821091037162,11071.8053891171,23,5
-63.2216421116136,127.366072347558,0.249476837081643,7.91389391501342,0.246986005491012,37907.1401897266,23,6
-62.059740065604,104.489531769593,0.625634016241954,2.47837989380022,0.167441698466266,129116.00938015,23,7
-62.7553824678342,247.053108958458,0.102450843126903,25.4300510197247,0.362400315294362,13369.0478880057,23,8
-59.7610982067403,82.1573155440585,0.415483340155627,4.31127344512085,0.180454507567571,83501.2423358974,23,9
-60.7866808608139,178.18122295405,0.447789145266439,4.5365939554852,0.252806397131516,83762.5026893318,23,10
-61.3205217200592,389.316652772934,0.0864607973217538,71.8013040434885,0.462215554416847,5569.94338538372,23,11
-60.3512558511086,434.518928411892,0.060718002466375,99.3593558199088,0.485178433699035,4226.09060762303,23,12
-58.8387882107111,314.659704011635,0.178067746479268,20.8276303131152,0.391704700434196,21124.8310878444,23,13
-58.5232359874803,320.489092431508,0.126632924070103,25.324472940115,0.396381498054607,18163.2872108293,23,14
-58.8073814033654,472.140902008475,0.075027565811882,71.5668973065788,0.491209396138527,6706.02542541072,23,15
-58.2600599111954,417.181070270578,0.126828013953433,32.7984794459091,0.451850315606632,15243.6396413284,23,16
-72.0022525741399,4.22421237463724,0.794747999738205,1.52797240197014,0.0553146086631553,130892.070934713,24,1
-73.3306776169085,6.15914005394451,0.547497952983415,2.30658260048415,0.0786280077155778,95378.6321657344,24,2
-74.1244342929176,6.70719164222309,0.785014851401804,1.5281568844692,0.049266332703107,157051.592202378,24,3
-73.2567865845012,18.8434342064583,0.394488979743559,3.87068926885409,0.129132643432756,67170.7572580897,24,4
-72.4934833572016,38.4868448848811,0.323139922905937,6.42077031331573,0.190337589201258,43607.6304784894,24,5
-70.5836657213744,63.7106204883711,0.568846130876204,2.82427056924764,0.154350518710579,106221.471480074,24,6
-69.2432666741842,99.7090075929309,0.324584823484419,7.83396292915781,0.251771933368119,40846.9083795006,24,7
-66.2790382118931,140.907497196488,0.44665028536176,4.80434247879313,0.251075927853757,70768.5176789777,24,8
-65.0053959748026,247.956187809484,0.284621488814741,11.0835828534212,0.344431156469407,32479.5619927193,24,9
-62.7809281507669,138.926376092008,0.30147201537218,7.19044084151934,0.244426580126354,52847.0809951859,24,10
-63.1723170576497,303.352672698259,0.172247326422275,22.3939402018485,0.389503042494806,17861.0196509009,24,11
-59.2786258047764,34.239773526211,0.945638726590172,1.11796807761765,0.0369536439146278,375681.462145722,24,12
-61.5097519056511,281.720810789427,0.311619271115679,8.41718372086464,0.335563929610837,52273.1352184654,24,13
-60.240395356746,210.592200950158,0.451802926415414,4.60913489478067,0.272648768727913,99801.0258667321,24,14
-60.7027923291533,395.790185053833,0.116008219881017,31.7502669343562,0.439967657526098,15117.0146273522,24,15
-58.8496685627737,125.716760217718,0.67543209818354,2.13766258189156,0.162991658630706,233899.805596403,24,16
-74.0645717374178,5.73239277203726,0.742161087996612,1.67848495045849,0.059633956184884,119154.67067907,25,1
-62.5622786506335,4.38878364417087,0.506210988341959,2.72950029567721,0.0933495193143706,80600.200278513,25,2
-63.4117843198995,31.8323075290497,0.351220435477627,4.71811283469393,0.160582458317273,50867.0076957243,25,3
-61.6987025328564,76.4168287430233,0.472709789541655,3.68385491627527,0.172998217456981,70577.5124275645,25,4
-61.6720704994226,229.663951336606,0.156019728588983,25.5792362132439,0.36927262004848,10945.4175387396,25,5
-60.6828042497368,230.8453750673,0.217700172970829,12.4570049944827,0.333515604892687,24081.9156040864,25,6
-60.7051958083828,374.409999206502,0.109333885917202,43.8565461589104,0.444207711947705,7295.53900940069,25,7
-59.8523575273883,312.551868880867,0.126301611920552,23.4156994541827,0.391855943925,14519.2154050256,25,8
-59.2388454592088,252.484334189835,0.194218987887943,14.3345986143823,0.342918825418752,25113.1318740351,25,9
-59.4182583965214,325.086389940947,0.133977618693982,22.453019691878,0.3957015674588,16923.2714413599,25,10
-59.1965204411014,331.404816166386,0.0902967763959932,36.2021318952518,0.414831093026836,11048.1006736666,25,11
-58.8980798146895,293.218950623911,0.22117529037372,16.2666091855575,0.376974625738324,25818.8248431858,25,12
-55.3973300670889,29.5677345645606,0.962303250642408,1.07982553911659,0.0290047247848455,407473.155834273,25,13
-58.5103168737375,417.710841556899,0.0669989131000623,67.5895559818191,0.468600575016412,6804.79999636303,25,14
-57.8873709231194,380.829933707856,0.109783724150763,34.0510320989645,0.43516252863188,14095.5183826465,25,15
-57.8635016058884,437.061761389069,0.0649096763245793,70.4541014416157,0.475527862204873,7095.83311021194,25,16
-70.4314953249247,2.3689386354464,0.526113073746828,1.99609354667647,0.0569696727572338,100195.205898278,26,1
-71.1503450418905,6.11287793565144,0.971609984673967,1.05891882351114,0.0133728481222455,207759.023823411,26,2
-69.3353025345679,3.44326928286079,0.995231847146099,1.00959592168639,0.00296777843749589,237718.858851124,26,3
-67.2284107019735,6.61022044054766,0.500956512026071,2.23518982618488,0.0727836994349374,116320.664025749,26,4
-63.5630135757683,30.0647930022374,0.364961618461054,4.06220040691906,0.141091824375701,68927.4062677321,26,5
-63.180924374768,112.072020837702,0.176973453977027,13.6780915660989,0.274194889971439,21931.9574237747,26,6
-60.6618985592211,77.0672483952273,0.692589425301108,2.05829364664926,0.140664444966892,155468.070468943,26,7
-61.8547983593865,235.640801159877,0.165673718599697,20.3340358588193,0.35517753998041,16719.7829426381,26,8
-60.8216156744885,302.6025552906,0.0933606061399057,38.5196234252932,0.403334241693283,9344.9117167638,26,9
-58.6943196671303,145.206525169599,0.436422095876712,4.14379449482,0.218171635789217,91702.6306860171,26,10
-59.5461439366223,363.345858454225,0.0853986326351828,54.8037479137033,0.44238521846979,7297.78913565096,26,11
-59.0790704253702,453.637826019664,0.0598343135335585,113.830397413195,0.493351118136433,3688.70863034753,26,12
-58.2261053054774,377.426840695504,0.16970352165304,27.2230563730885,0.429703387517724,16161.8067734293,26,13
-58.0161440367841,413.797658163626,0.10523525178369,49.9149839658988,0.460139686470623,9214.68962554275,26,14
-57.6177102573291,389.715688318788,0.145589371569076,29.5818000020287,0.434974088180072,16225.226933707,26,15
-57.5145762250062,460.7973627338,0.154976094135682,32.7349790705737,0.47110665511373,15273.2116883157,26,16
-70.880294882683,7.23329999929212,0.686300569320518,1.81859366977427,0.063281215915673,109974.638494734,27,1
-72.097814953358,7.45372589993209,0.946385453962642,1.11501519589181,0.022593710728843,197306.624873683,27,2
-75.0066922958665,13.998711736428,0.60478942438063,2.4782828149775,0.110426256945261,96840.6512205124,27,3
-67.9535164885453,2.49122773358218,0.99818117951884,1.00364678525952,0.00134725871590563,259055.277386228,27,4
-65.102120857533,8.05461659575622,0.635475391674334,2.14637417153674,0.0815178665061919,130452.023386614,27,5
-65.1047599992398,45.8516049356642,0.393520990200078,4.59327851663911,0.16924699829186,65312.043592125,27,6
-64.5105782542995,128.773290966634,0.412012142024636,5.51382866945082,0.250731145328686,58035.0796770577,27,7
-62.7523652838464,127.917759082079,0.441812214466623,4.70553268826271,0.232210903086714,72254.581357917,27,8
-61.8584254816763,205.579451776085,0.234418930302502,12.1485848615176,0.315699334160049,29632.1633743931,27,9
-61.4604826551784,318.611339785304,0.0813679889717521,51.9885906712716,0.419482979208954,7308.31527397225,27,10
-59.7485977316204,218.757941676029,0.236337896772446,11.541993548169,0.322011639594613,34655.1448249207,27,11
-59.7172418903857,311.077070952211,0.0941810812622013,46.6632221892671,0.41073626768943,8999.68576892836,27,12
-57.8448179132736,228.268407498655,0.128945165260772,20.5198145187274,0.341866664994921,21441.7376794303,27,13
-57.9924934593427,347.856150313081,0.11519003322522,30.5654827873369,0.416246678397045,15048.6886679737,27,14
-58.023025021819,411.667074130444,0.117050197349988,48.465786716995,0.458309500299164,9902.91433660134,27,15
-58.1192346565022,474.366238682449,0.0391079761540274,131.225539333568,0.499736720366499,3809.24152980291,27,16
-71.6714778427087,4.76327502277039,0.464724914637996,2.57624714984454,0.0842841357294115,77631.691414792,28,1
-69.8832294013494,7.6820952692073,0.924109582765294,1.16826666629558,0.0301454162312013,188313.026537135,28,2
-63.7354848332275,9.21479565371381,0.884914950124592,1.26937349076889,0.0417860337803658,189069.436513923,28,3
-63.4002754373979,31.2645495150666,0.209948201402245,7.01502618472818,0.178237472488842,37062.4396979005,28,4
-62.9899164895506,115.717762540261,0.148493271212113,13.9494173226366,0.273463886936144,20071.5946810249,28,5
-62.1860410137968,136.960046854822,0.240629979039042,11.4730196897116,0.284127218929878,26147.3905788215,28,6
-61.3713092820418,199.816787547713,0.161712722144709,21.4253816297348,0.341250741091963,14934.6032702849,28,7
-60.2799322884708,248.358501946997,0.236765294296193,14.2141312762208,0.350134563881082,23918.9282287434,28,8
-60.2625021415632,314.175250216757,0.104405855346113,37.8988790964164,0.407190364214949,9497.9880566558,28,9
-59.1647906682652,214.739434260195,0.253291829582533,10.3800873752064,0.309923939093136,36607.6513763817,28,10
-59.4431542010917,274.791773086022,0.157247167868275,17.782175438674,0.362238497976565,22493.4918206179,28,11
-59.2361590812918,316.333750609667,0.110657035213822,28.30751136885,0.395393567456532,14836.0866821291,28,12
-59.3323355140027,356.648987836794,0.0941817033916741,35.9340056931461,0.420588880542552,12243.6966719474,28,13
-58.5950665118244,316.335006622176,0.0900759804407317,37.7493867537286,0.402807722468734,12184.6549066901,28,14
-57.1324907914341,212.036469180165,0.517654207324676,3.66737331238022,0.258554194316013,130883.139439545,28,15
-57.834873038996,426.793983060839,0.0772883949766514,77.2349338721704,0.46847960571126,6472.76743631407,28,16
-71.3457402215746,2.59888263994712,0.997193438183375,1.00563293322184,0.00180193071828269,198879.718195266,29,1
-73.5153451363914,10.3089542297142,0.785786334185977,1.55961353865907,0.0618496819357445,141060.227377271,29,2
-67.5303597109056,11.4420905347523,0.512251968781033,3.14947457414199,0.119446838747869,76202.5045342209,29,3
-65.8514614039504,30.9672747565389,0.623856164113918,2.41027760409786,0.122157965124152,107870.806779656,29,4
-64.309379702801,51.7224657581479,0.387263112967866,5.23351110405327,0.190557503840397,53500.5584027374,29,5
-60.0195912668897,63.9358596861211,0.49585278742592,3.28045549336527,0.15361767155368,91450.0197133143,29,6
-60.736408831278,131.245379020501,0.396190946836232,4.99845068341416,0.234601792887869,64019.0374586729,29,7
-56.8886998779719,15.9429800616403,0.966643827308607,1.069966621737,0.0200021444784444,317766.856578399,29,8
-60.5686640653504,294.615819057981,0.166889646609827,26.3174940289951,0.395010821704382,13678.1519562251,29,9
-60.1444644375517,309.35507553884,0.0905684188994456,36.1034788311587,0.404014649662829,10524.3291984612,29,10
-59.8275942371752,341.991501966235,0.0654754165441237,67.8228078456599,0.433218594100632,5896.73576970157,29,11
-59.2718439859906,323.466175896806,0.183679671634553,23.948841331929,0.402561275533902,17536.4246346276,29,12
-59.1857453539764,403.521608808605,0.0336376314679646,128.548502341157,0.470603267643029,3421.84034194652,29,13
-58.909021338976,443.703752177591,0.0316413437933013,170.029539178852,0.490435400142356,2704.41814001318,29,14
-58.157295352745,383.006814697326,0.0838814963458007,42.873900236466,0.435995919426706,11194.6457720284,29,15
-58.1654196133508,469.377376447895,0.0740432169428202,80.6218155621108,0.489546958963249,6200.80774092782,29,16
-73.8643558941108,6.50263779178766,0.577616898530283,2.37343090189488,0.089050676244586,84265.6200366137,30,1
-68.1306880296768,2.64327859239734,0.997518079450628,1.00498003429533,0.00165168865125752,218909.816625564,30,2
-67.7620119222386,4.59435916981498,0.896682042976499,1.22845538089738,0.0285699974706279,195367.105127047,30,3
-65.9212072783576,11.4992365874939,0.800630372571096,1.53511735894654,0.0658761590363358,169367.809806415,30,4
-66.6466056177755,58.3923638218294,0.227717568911361,7.95245126544754,0.211326032078364,35208.3952705804,30,5
-65.5563694383024,133.631085666203,0.162715480632641,14.1485280314691,0.284480505041644,21202.6898318262,30,6
-63.5238753964349,125.249584799798,0.338528653890259,6.46988497893723,0.243097394702631,49459.0755692986,30,7
-63.462845490599,304.430644391857,0.148513318787006,21.3753844866238,0.391204768142926,15905.19341387,30,8
-60.7223498130091,82.6947139032323,0.820683811159942,1.48222047422326,0.105546062579761,242878.521811567,30,9
-62.3122093940403,319.038095386332,0.0881129403052168,36.0484420210226,0.409263106638897,10540.3987013962,30,10
-60.005799371978,109.901004943,0.805701145840209,1.53815129598246,0.122300081043561,260052.091684433,30,11
-60.5017352721218,265.176032674441,0.313822144827263,7.67921204811549,0.319763475975921,54692.241618086,30,12
-59.9204927333064,274.742212324958,0.277299759435776,10.6187740727126,0.348024227823744,41435.1391404706,30,13
-60.0355010875483,391.186948452665,0.100480482363848,41.8515522199393,0.447545513597759,10990.2530243511,30,14
-58.065616034295,161.828785895131,0.628247894169413,2.50065519390752,0.202662930664508,191949.094185845,30,15
-59.0511728886661,341.440694416491,0.149325869664207,26.7898245620107,0.409542381927134,18662.840025942,30,16
-72.364339720103,5.42851171581889,0.665651267081417,1.81994335396763,0.0563033349300443,109893.07970302,31,1
-71.0914130750857,7.94821312502407,0.83566617853098,1.41045283889025,0.0521995498961613,155977.983438562,31,2
-69.0001709091953,22.1823647524968,0.72817485651639,1.83307231744705,0.0939811523024384,130927.276921874,31,3
-65.2139305838086,32.6733117433,0.616125346370438,2.32130368223797,0.114022203046135,112005.456537497,31,4
-63.8486754343801,55.7859443641065,0.39986618916282,4.90932672823505,0.184441922866934,57033.5009582814,31,5
-59.8294466965835,32.0447695274729,0.277587704638451,5.27641321195663,0.157150199989037,56855.9950711832,31,6
-60.9406957747123,116.684360147835,0.562271122092535,3.06801807202333,0.201156326321217,104301.188735968,31,7
-61.0815779022617,203.407796703784,0.120547554879374,22.8970629582475,0.342869300886084,14848.109711389,31,8
-60.4905667526564,283.366411405364,0.151228820384825,19.8177928998483,0.372651172083419,18164.5445572087,31,9
-58.543604890913,141.568479385585,0.364243744911779,4.61162307438226,0.218232659265983,82399.7066191972,31,10
-58.9090608113231,237.607167517236,0.388168893281044,5.91427779936012,0.298601403473548,67632.1098331216,31,11
-59.094302877926,361.097517912319,0.146347341881529,29.9293127099096,0.423213277653553,14032.098721711,31,12
-58.8760416647679,373.381615548487,0.081571687449924,52.6300023725836,0.44164442016826,8359.2694289801,31,13
-58.7121889389235,423.824569548169,0.0999433585981473,55.2020305639036,0.468124634949005,8332.04491126754,31,14
-58.527825564763,443.271322327838,0.0672285114715363,83.689865584725,0.485420609688527,5734.47342290553,31,15
-58.445662496621,472.471062152074,0.0342832435252737,126.778474090332,0.504405872555489,3942.89507632171,31,16
-72.5418370635024,2.69718749449453,0.997710937380707,1.00459236149327,0.00161266618725862,199085.72180494,32,1
-61.5726826037418,1.16416699526021,0.999824200164276,1.0003516678834,0.000144984010535732,219922.659912009,32,2
-62.4202576901165,5.09589471912784,0.882682166132224,1.2653475628398,0.0333575320654174,189670.997676483,32,3
-62.3057379544959,24.0934377714475,0.689163116782161,2.05925033547003,0.113230489912121,126259.025562449,32,4
-60.5524478190905,73.2901489499547,0.141481251473383,12.922153965297,0.249905872160418,21667.2915796682,32,5
-57.130794918898,32.3946895732236,0.629173418996892,2.13572420915659,0.0958143773054996,140467.042975776,32,6
-58.2096465365708,85.660562197821,0.782641949718793,1.62908108815254,0.119824735276672,196429.36944277,32,7
-59.8548398745692,284.080181847421,0.0688278570047397,58.4899512024337,0.408855298867763,5811.98142400855,32,8
-58.9877821404573,267.256443037254,0.241909630801479,14.6724002564234,0.3630854688413,24534.9309772383,32,9
-58.948200546601,302.289170499971,0.119872301539423,34.761587632647,0.400033178404082,10930.6353420598,32,10
-58.5965365661191,295.051482777558,0.101170617840015,32.6882075529253,0.389175238179769,12235.8594017626,32,11
-58.5062013674065,354.256706832832,0.0647705387576387,48.9864450526925,0.426173280331961,8572.82076682581,32,12
-58.5897141455551,404.875821251272,0.0613017949915974,65.3843963082721,0.454577739245015,6728.44960414059,32,13
-58.051850988891,341.528989539786,0.0923130335605992,45.9108425151347,0.42175505417661,10018.4414805333,32,14
-58.1057172679792,408.824621128926,0.0695015270262871,78.2996182670886,0.461379131861742,6129.31085543252,32,15
-58.1917625758619,451.814966129299,0.0354916755999437,113.438808073622,0.483106306196129,4406.67148620442,32,16
-60.8758089847177,2.40240704770778,0.962284831413112,1.07830490648919,0.0133903907575364,185476.22336791,33,1
-64.1501121100077,4.67733990351342,0.984900776481086,1.0308182409999,0.00789582722619594,213422.658264387,33,2
-64.0726955846276,3.80167839680615,0.992339441542842,1.01547603947354,0.00433836368626412,236342.3411234,33,3
-61.7777644830561,5.61311286406595,0.355711429232524,3.39676910184951,0.105351152413168,76542.6190081965,33,4
-58.0295953640902,5.93714934342653,0.986445559093433,1.02760161590042,0.0074866525144572,272479.108699084,33,5
-60.0957475324328,23.5523145773257,0.845700438213865,1.3917782475744,0.0648431074109312,215551.298307246,33,6
-61.0429872988991,96.167019567843,0.356886656320481,6.47517900111845,0.230921231891217,49418.6376544363,33,7
-61.2769497020146,256.835036341855,0.100486003144664,37.6405257413748,0.382094119910319,9031.84407418636,33,8
-58.9804835976175,222.033660639472,0.137038358119967,22.4742549091593,0.348455536338189,16017.3730849129,33,9
-59.1424249993645,313.837386545238,0.0889236165555859,44.2112252502727,0.410732707758526,8594.12482938797,33,10
-59.0771583151124,355.144839464232,0.0735861590180174,62.5278865860667,0.43745285312523,6396.16167754365,33,11
-58.5408822907275,380.389305040962,0.0895057143057016,51.4346162614759,0.442600672110295,8164.72632222582,33,12
-58.1268951630752,349.20487120326,0.127138308549813,28.6909090296953,0.41358192826789,15334.9030723517,33,13
-56.0015915518053,111.438001510003,0.835264667407025,1.43266245463786,0.112711836410964,321080.213868581,33,14
-57.945922059398,518.623613163634,0.0410469266123428,181.846445596845,0.521213208056987,2638.59517079261,33,15
-57.2474417787146,411.409971170921,0.124948685770485,35.7110019693644,0.444431985457373,14000.3153470047,33,16
-66.068587570707,2.06897070095432,0.703724087268366,1.71536878293748,0.0498418062299645,116592.587329911,34,1
-64.8517579401941,5.39499242850206,0.511041258416921,2.04190761399929,0.0616258674033405,107741.876556677,34,2
-68.7489501831922,63.173954110085,0.169902994677539,12.9526865701175,0.248510319467265,18528.0517647427,34,3
-64.3542969662905,64.5370344640098,0.176125862149358,11.243130964042,0.237419742791577,23124.3198768335,34,4
-62.2356295499088,86.1193988909617,0.641281699694663,2.37742502556028,0.159548669125957,117773.902251268,34,5
-62.0099206529136,171.663080564236,0.336045830148848,7.61839198898442,0.284969087629215,39377.5198256686,34,6
-60.4160454336515,152.980101090334,0.266212071732473,9.25340407110177,0.278134578219822,34580.9762668275,34,7
-60.4996817201284,230.467665745787,0.110239972203661,29.9835490658619,0.36425243224177,11338.5848892974,34,8
-60.1675030176108,305.791629027452,0.121674567430775,35.1347721923807,0.405919926041371,10245.2881482194,34,9
-58.9093894039074,285.946400429228,0.109963945380473,34.5922130387593,0.394454173187459,10984.1601424234,34,10
-58.9513683672314,404.13040270024,0.0424341511221849,79.3319982422412,0.467615135301387,5041.11426242868,34,11
-58.5989939455547,426.938831135018,0.0660279065625795,86.9857533199141,0.479129617162625,4827.38837126124,34,12
-58.4256211224269,497.585548237052,0.0236960215623327,198.555190915355,0.519760610219129,2215.01358051922,34,13
-57.970729375263,427.505220667169,0.13191973482149,30.8324040507462,0.455681754716567,14918.4010035042,34,14
-57.29085000982,281.660081143552,0.43425708201498,5.12590732434352,0.317088568038242,93641.1534021541,34,15
-57.8910990303789,495.014300061133,0.0881285614958077,56.3741646899683,0.497458131539609,8868.32875438638,34,16
-65.9367042320694,3.73203791084264,0.932098762064926,1.14555981005899,0.0217655457908232,174587.003387596,35,1
-68.4254776821672,7.55499290203142,0.772869770493647,1.57639235959425,0.0554174638843152,139558.798459063,35,2
-63.9032673655891,4.64262788709973,0.984721687841531,1.03116775819853,0.00776941592106666,232745.803894602,35,3
-67.7596137926942,17.9673370389588,0.373242971565567,5.00844867376989,0.159802769469989,51911.4816724695,35,4
-61.2590663438492,5.95436208803137,0.941049094844268,1.12604385664284,0.0212333881547082,248658.053861667,35,5
-62.5569455534516,47.6523824503149,0.345513439463111,5.54227732598974,0.18366777581555,54128.5540333294,35,6
-62.3200439655723,165.445778178905,0.12101639739087,22.9590846876424,0.323276742198227,13936.881421885,35,7
-58.7763929576526,46.0938640412694,0.617206355285282,2.1202215427252,0.0971810054615074,160360.072248937,35,8
-59.6438176804589,104.790791639043,0.715962414399559,1.92938349444466,0.144094691469028,186587.618091727,35,9
-60.3826685262776,211.963929802074,0.41036220998211,5.26647861555818,0.277768414524987,72153.6649531957,35,10
-60.8822149688409,340.212541027747,0.227373846340311,17.5549982835389,0.402635798341546,22784.5903770546,35,11
-59.4233468892825,234.029720054846,0.18044395104586,14.663286670514,0.333264125788165,28642.0327255375,35,12
-59.1448881283284,262.671696558357,0.315030946913813,8.4403805302603,0.325940848327865,52129.4695215587,35,13
-58.934857623054,339.071997959189,0.102761691152761,33.1791024227871,0.410924496174585,13863.1785443275,35,14
-58.2088833669829,304.662572454532,0.372802246724666,6.96247212472064,0.348844045109874,68940.1736792892,35,15
-57.8294447652333,315.880921098885,0.415144382200392,5.70115520594353,0.342914221227531,87700.6993800376,35,16
-53.837698230966,2.00616981534091,0.965755094410995,1.07082983320487,0.0122286757861327,186770.972350701,36,1
-60.3853276671526,8.55898635498791,0.887156935421595,1.26488876611818,0.0424953399621786,173928.12791372,36,2
-61.1620985079131,15.3020875203397,0.783713361155533,1.59325113184064,0.0703384751053757,150635.01412306,36,3
-59.9428165287011,20.6474775541253,0.691352309354572,1.94049309567697,0.0901500544683282,133986.078117213,36,4
-60.6261698773184,100.05232577082,0.3946175340577,5.61868685170754,0.234230830747467,49832.8859903559,36,5
-57.5297212614312,38.7256451881755,0.919102326225696,1.18334486000043,0.0485942772017947,253518.502336181,36,6
-59.9895317024848,271.824645146313,0.0635953679468649,56.8516984340017,0.404664719061761,5627.69727096977,36,7
-59.4754478108854,321.612522191686,0.0685577383487301,63.679239916659,0.42765780028105,5338.27541001795,36,8
-59.0636846631924,377.245780178214,0.070825696222144,80.9990221084168,0.456886893977396,4443.51044477944,36,9
-58.6126879395885,376.980092188371,0.147837114246496,31.6827411255904,0.434165722676208,11992.9432769699,36,10
-58.4206785366338,391.528687639364,0.0774752446129649,49.2116102282064,0.449424877139218,8127.18353279986,36,11
-58.3047710486367,398.438194241392,0.102721147129051,46.1408877149605,0.452094858254413,9101.57736017383,36,12
-58.0763451426728,424.949947583458,0.143870312823601,34.6852412710526,0.458168639018127,12684.5395493719,36,13
-58.0594319197463,503.099636882023,0.0510605179018544,104.011640444102,0.511637689881879,4421.59152737119,36,14
-57.1937506823562,339.54904121395,0.433125120235399,5.26646691151375,0.35058618976906,91141.8872631311,36,15
-57.5743318712135,498.909152684488,0.0891462498850735,74.2198446047593,0.507018478305141,6735.75622087594,36,16
-61.3735221742454,1.04132976291269,0.99995779558639,1.00008441239517,3.83286964490123e-05,199983.11886153,37,1
-70.0386291272791,3.20358898578767,0.744656760799684,1.6296244314264,0.0503430676942877,135000.04426182,37,2
-53.8494505349237,1.34256112537434,0.999590246844025,1.00081985753437,0.000298211697414664,239803.394560341,37,3
-61.2415848457262,11.8207786041153,0.478411380074581,2.66095616553223,0.0995038958025849,97708.6140708535,37,4
-60.3852686658679,47.2924095482853,0.27810792004268,5.62413970535277,0.181278256424749,49784.5698209265,37,5
-60.6251264885036,119.562621348854,0.194934088536028,14.1378648889204,0.287072282592714,21218.682201894,37,6
-60.4730130888322,230.782792461962,0.0715238855505058,39.2975682586204,0.372840482140908,8142.02294163259,37,7
-59.5770282564528,290.785979771999,0.13229955555053,30.8927521513571,0.393762785485679,11004.8501180558,37,8
-58.1583107325451,237.313918301344,0.342844331803434,7.89575087116572,0.323625013870599,45593.270368322,37,9
-58.3556866431852,367.03624552981,0.0621121675476228,56.4963440668996,0.439956242792467,6725.11663869754,37,10
-57.8244605247845,351.333931252183,0.275580892298615,12.3927908629464,0.397340839129236,32275.9103743608,37,11
-57.6861035755749,426.351638213297,0.102242690609743,60.5017877152652,0.473061480413007,6940.96015884599,37,12
-57.674033071074,482.929451475153,0.0333655751857972,139.159467395422,0.509611428501356,3160.84739652488,37,13
-57.5496176227757,535.167477881527,0.0561210560483396,150.836808309097,0.532689632222507,3048.6601249453,37,14
-57.5873327493888,570.02003732612,0.0211611592650442,277.857062518306,0.551844166713016,1726.51052311865,37,15
-57.4224380049706,580.742965486666,0.0424561383172042,190.449203853287,0.55171195722044,2624.3772108508,37,16
-71.2831003359435,3.57409863183395,0.922749643786331,1.16863881868486,0.0255004039473192,171139.130553108,38,1
-63.1381663133495,1.11057057092826,0.999884812617902,1.00023040503921,9.88841725686643e-05,219949.322337356,38,2
-68.082135268682,6.50678455374716,0.673038335380551,2.03548361991262,0.082004597841104,117907.588233192,38,3
-64.6331813461617,20.7417800406583,0.469631465367583,3.33304573286695,0.13111191056527,78006.0304548103,38,4
-63.6194667722708,76.1929686841396,0.245358507181524,8.88873225570499,0.231341433640204,31499.6675774394,38,5
-61.8482815100691,137.129220862526,0.241105282245257,9.35547147549433,0.264721686322614,32065.903389954,38,6
-60.478771797893,191.384153536761,0.201496847048967,16.2157538701512,0.329413854012449,19732.9576386569,38,7
-58.4167278712738,95.26648209628,0.72775055463124,1.86586311969477,0.136840727311141,182220.834178852,38,8
-60.1883819676042,376.272925318304,0.0657384527546975,75.3131454340441,0.454230047562281,4779.05529736965,38,9
-58.9829714979503,210.655681574966,0.201819292444812,10.0922606869401,0.300521935325774,37651.7134765566,38,10
-59.3160663459724,334.354332148669,0.193664649592149,15.3036044938238,0.385613156609356,26136.698483104,38,11
-59.0410882376183,396.845689293139,0.13583217549695,28.5611370437532,0.433918099218881,14704.3319092645,38,12
-59.1434406131727,451.843078762431,0.10621038363507,49.1097263527005,0.472560563183193,8958.54900523419,38,13
-58.8814728915315,408.763682982794,0.118286951853289,33.0788695100291,0.442669168325675,13905.1886558971,38,14
-58.5632732825247,345.121333683357,0.302332384997959,9.96080714641676,0.377762120430636,48187.9663082174,38,15
-58.8807705810038,467.811068197819,0.0850707873792065,57.9496965482788,0.481846999054988,8627.19013158317,38,16
-60.996520729313,1.00077910840212,0.999999220690652,1.00000155862012,1.00267104688261e-06,199999.688274905,39,1
-69.5157081976981,4.97775235456375,0.711031785926663,1.7604281966619,0.0600699803657495,124969.163744086,39,2
-67.8304107430624,25.0128020458208,0.382149923005937,3.50599600133242,0.133252549227195,68453.4420182873,39,3
-64.1470221707135,59.7195902855683,0.723539631784145,1.89282924252204,0.126123186861117,137360.043540376,39,4
-63.2685719019406,118.826209153708,0.275450904086859,8.04565723976867,0.250572165446312,34800.5074008904,39,5
-62.1859471414324,207.396659282308,0.214266342298626,12.230437512775,0.319844975540122,24528.0489117177,39,6
-62.0095350906099,325.964137634563,0.114772322839591,40.4614985548115,0.420278334816219,7907.77775926142,39,7
-60.8333776628403,266.817924995793,0.186504518645104,18.8412406240473,0.369636092774996,18044.5738946182,39,8
-60.0987673880659,236.579613505299,0.174809547579742,15.8276980037659,0.346573275764218,22744.0005599776,39,9
-59.6012641200848,232.373876395637,0.195205244016335,12.6905049791786,0.329230805471211,29942.7256904043,39,10
-59.0424339085382,205.895228827369,0.330370502109081,7.82509894503492,0.300155121959121,51116.6922864013,39,11
-59.4731568010638,286.27419574431,0.138893681060825,24.0526172099808,0.380955505694104,17460.75878818,39,12
-59.2020116010616,350.289048746982,0.171269625102132,24.0638112054759,0.414337066885234,18283.7594751516,39,13
-57.0947497022165,101.830426725082,0.81703788279609,1.49611367424915,0.115694133303861,307462.936675657,39,14
-58.6516272875343,449.49464582518,0.0574216358134707,88.2319353508537,0.486720269305462,5439.21841875668,39,15
-57.3645824328781,274.059054906799,0.273063502165453,8.3126029126332,0.328561416077682,60148.7515568185,39,16
-70.2852954433713,6.85356404443973,0.893029138164485,1.24629876813359,0.0379266182084258,160474.967009325,40,1
-72.6437487778194,8.82018778134184,0.685756656423749,1.89533481745839,0.073796082016225,116074.005835089,40,2
-68.753548928345,7.35168062931555,0.899063329896849,1.23040410880212,0.0358869657947936,195057.678918665,40,3
-66.5996960338606,14.6402745123827,0.779298159398276,1.59629617689113,0.0671941681106143,162876.668794567,40,4
-67.3158216204495,84.9225801612944,0.454920657459342,4.39128841334141,0.207614688339595,63761.8353303332,40,5
-64.8319344935344,99.2639637309511,0.291909990894781,7.13018802581053,0.23114946838702,42073.7670178672,40,6
-64.1364934175478,180.056730859867,0.153871443307876,20.202593960146,0.325105218188462,15838.599636129,40,7
-62.5910270899224,235.792811158231,0.203316641082023,16.7145341649446,0.346739984806166,20340.6377984896,40,8
-61.0276734434506,220.690033364186,0.138772248014791,15.9224935207934,0.331616697357325,22608.5868394242,40,9
-60.9926610900147,312.420196148355,0.114352284850911,33.043777935379,0.405114796597043,11498.9259666618,40,10
-60.4438021690585,345.760933677959,0.18479629688382,23.4950954074304,0.414804435944914,17023.872340687,40,11
-60.4407183023888,402.453293928329,0.0497712112671421,89.8524874324828,0.469369387330772,4673.33915064449,40,12
-60.1816335261196,387.326080415952,0.247665859601081,15.231349215116,0.423553458910515,28886.8545001771,40,13
-60.1885518882224,481.094618506476,0.061674192850257,91.2072011885185,0.502898700988994,5042.47237728644,40,14
-59.7415408764961,511.275437186068,0.0361056615543993,156.927973011615,0.524235831449695,3057.73446564953,40,15
-58.4070274926431,264.52693972228,0.397257550361453,5.96135500151193,0.316664119478477,83872.7166069232,40,16
-77.0063640369255,9.91085567461143,0.395418588933384,3.99535667813703,0.132091843837372,50057.3592647555,41,1
-65.7671946528339,2.87713486260293,0.775991843232588,1.53480989359072,0.0441168907859454,143339.87949021,41,2
-69.0366875141808,22.8774056150323,0.528552460247404,2.96906988328833,0.129139781163917,80832.7322548926,41,3
-63.2946240684728,25.9807546644339,0.902068672094015,1.22738283656399,0.048633363508446,211832.661229114,41,4
-63.251428599718,57.9517301379288,0.357500339778034,5.38787685791051,0.190856946077589,51967.7081513807,41,5
-63.5225613005507,190.072357447769,0.229629123704074,14.5078756778453,0.327554246296904,20677.4926075082,41,6
-60.8370411746294,58.8835731146367,0.890560926845661,1.26040491668644,0.0686395945945756,253886.457723075,41,7
-61.9930010445794,207.552190796148,0.205808452996724,12.431843554313,0.316982264343234,27348.2019490884,41,8
-61.5134268683957,239.769832675346,0.379505906562192,6.49466415176889,0.311119513020603,55429.2719235584,41,9
-60.3257615660615,180.087225512228,0.324906109783254,5.78260810307717,0.259707474027262,65713.4653785543,41,10
-61.0106027057332,394.820877763292,0.119226825906768,37.1838717118498,0.447319210944571,10756.3789789639,41,11
-60.5656350195404,424.224119468547,0.045694374518668,94.9405427829528,0.482158529585762,4422.83187903731,41,12
-59.6787250546241,356.573326505739,0.136876610167773,22.9790339916798,0.414295541060884,19146.9328552003,41,13
-58.4342896347304,252.243808893622,0.229446804436862,9.27814943095536,0.318717146761865,49577.9600507266,41,14
-58.4219186761551,315.578502331318,0.143216755524015,20.2708850643444,0.391088855806926,23678.3311410043,41,15
-58.4443437098929,405.835038373506,0.0958116985561532,54.1976410686007,0.460334824102121,9224.5122185249,41,16
-68.396847031218,6.30851597399923,0.659145545152447,2.00501053384575,0.0753219777265681,99749.5981234719,42,1
-64.0424448460841,4.15599934579731,0.991922121029429,1.01632946187822,0.00470851023867962,216465.223062505,42,2
-64.2561978026682,21.7482690830386,0.399068321946194,3.76097909813314,0.13385925380478,63812.4362691952,42,3
-63.5436683981231,85.6197637598626,0.488175775696662,3.72527135346004,0.189539666513883,69792.8419299387,42,4
-62.5292551971563,155.034179041091,0.172509985404317,17.0017744140735,0.313171938277016,16467.9280732413,42,5
-60.0165216981958,102.474115670894,0.431072047699718,4.44136063986557,0.201955038852705,67546.0929551913,42,6
-60.8616888327548,358.263036047963,0.130315683800209,27.9608998095566,0.425000245691984,11443.5887684335,42,7
-59.2388473483827,193.621643268682,0.298851464873947,7.24732346607617,0.278821828060371,46913.0092301842,42,8
-59.4331600330947,273.545927661223,0.200819398149078,16.822906584065,0.364798313794013,21398.453070556,42,9
-58.0057183083878,170.72814798009,0.654371153236871,2.32718182685266,0.206619184211807,163287.057517374,42,10
-58.9218060490383,449.230949769265,0.045389060238816,119.875794200343,0.495788353752557,3335.795408707,42,11
-57.0517599760716,163.219864485384,0.603175912015889,2.62947062208727,0.199901136667034,159727.348538355,42,12
-57.7624621673533,284.247757973158,0.253457373666869,10.6145832487028,0.345914465437089,41451.4988564128,42,13
-57.9738708916863,427.773280235011,0.184268845969744,22.4222435743365,0.445782388226158,20514.3868045538,42,14
-58.1538390986408,508.029835973104,0.0918315004604298,68.7403841159612,0.507263404287965,6981.80939264372,42,15
-58.2765421166343,570.638926827719,0.028716447664538,249.151686280808,0.547841673018602,2005.81362814525,42,16
-72.497918218821,4.57916606483268,0.977749691702771,1.045701901709,0.0102679774325129,191259.051906675,43,1
-75.8464206260904,10.9487691349497,0.485300474288573,2.82093787437779,0.10725110948499,77987.6015888418,43,2
-75.6125116722238,17.0738265266799,0.30849970505787,4.32141910340281,0.138573215148388,55536.5431642759,43,3
-65.0940723202829,16.1152377804327,0.637204135235833,2.18427362069512,0.0930139857393446,119032.163946147,43,4
-61.6585866393483,13.005471001933,0.919729792384172,1.17844953217713,0.0324574624506374,237600.180495252,43,5
-61.0402983302628,79.9815034112239,0.325636077228196,6.99354699726943,0.226395342782719,42895.8304777466,43,6
-60.4316706803669,202.258782444017,0.184300079104824,19.2729586696126,0.34043890249467,16602.6261182585,43,7
-59.371065271949,297.299423091841,0.134930479950874,36.1570500157833,0.406306939533211,9402.4496660591,43,8
-55.8056585161057,43.3339523238597,0.911122422163686,1.20382692772923,0.0529614802371273,299046.140171967,43,9
-58.2080549681846,272.404689505411,0.230938652231461,13.4775987738051,0.357832274867322,28194.00760816,43,10
-56.9886948250811,294.505309854302,0.194115262459947,13.0592169221974,0.361283756532615,30628.7844926637,43,11
-57.0065597605239,398.511070932575,0.186008397378253,24.9725883754221,0.436936107373011,16817.4808730634,43,12
-57.1522394874882,515.577965116525,0.051440196032223,137.071379237724,0.514242057071929,3209.01365958135,43,13
-57.0849735951255,563.754057154735,0.0277107470737326,225.921684664379,0.537312835748229,2035.10822128209,43,14
-56.8381812958461,533.748529525046,0.0501619828449165,135.647743195108,0.521776277280736,3537.58448665138,43,15
-56.827524852551,591.854827087016,0.0421395927308653,211.252539681783,0.54839608573828,2365.8401825259,43,16
-73.0602331624174,5.14788827349329,0.588232450992568,2.10740059122379,0.0704878487669547,94903.1206628501,44,1
-66.1889424436046,2.76448896566942,0.996731117074794,1.00656486509302,0.00203241822031499,218565.142758858,44,2
-67.194602821296,15.0524013110578,0.376254158437735,3.52075108157373,0.118301226666556,68166.5569867944,44,3
-66.1669383571404,37.9621061372179,0.358156889763873,4.07898987750705,0.156479231343613,63740.516354795,44,4
-63.5979819418478,45.9957734905511,0.52947570679732,3.30125674818454,0.162695407794893,84815.4869775011,44,5
-62.1775663974284,87.5743562768324,0.435659782624273,4.3747548685729,0.19398353740111,68574.4994282946,44,6
-61.8640498230502,88.3611892271416,0.373283299433594,4.72866584273251,0.191682138109699,67671.576289178,44,7
-61.5560691479349,100.693642802371,0.472115035075837,3.72480013758342,0.18529669882346,91279.3338255282,44,8
-62.4504397379379,218.551238950543,0.42580586751425,5.18954196241187,0.284165213661275,69369.4767387696,44,9
-62.5266851620288,310.519992633129,0.168193031530562,17.2797279702607,0.376916541874728,21990.144803388,44,10
-62.2110834399189,358.161242152239,0.102629125352703,44.9703976044467,0.430524897149808,8893.76235919521,44,11
-60.3706174051869,183.026748018893,0.298825670446034,8.75997097346216,0.287253453684006,47944.4785014578,44,12
-60.7635533790547,322.416994955892,0.120198888814207,24.9553707261467,0.397906086467504,17630.5152667539,44,13
-60.4687405137194,319.550813368407,0.214933674877036,16.5473220596944,0.386343844957026,27798.1205046202,44,14
-57.8138285753657,89.7145579415313,0.776402809484574,1.64202874286589,0.115707682853963,292320.923160064,44,15
-58.9727615486409,295.400300182317,0.238018338195661,14.5566549129429,0.372432253647883,34347.6194433527,44,16
-71.8803260515919,4.59743236889089,0.990740481517824,1.01875324749684,0.00540376835143292,196318.374187347,45,1
-76.9314962774679,13.584564916779,0.269474252302615,5.1686991628198,0.151348017413719,42563.0945721108,45,2
-68.8812586716858,10.3459761127044,0.521645519523632,2.61965220248602,0.0957234087439811,91614.596820636,45,3
-65.119037405288,16.23697850682,0.33995730191017,4.19524347875613,0.140247769569774,61974.1872100641,45,4
-63.7406170891008,57.1005125787176,0.310621114747628,4.99793025326905,0.177357395693136,56022.3908431553,45,5
-62.0676142806605,49.9618884540365,0.618171410652587,2.29724959694211,0.11333244681777,130590.382144548,45,6
-64.3635885166261,239.391308605789,0.215660065176408,18.1957098632729,0.364639084557743,17585.6180737564,45,7
-60.0712086530167,31.7744066544805,0.927101310583011,1.16257804629532,0.0416668039860319,292453.344104445,45,8
-62.6692627210912,235.298504831107,0.283325967973942,11.0683563537603,0.337304178548643,32524.2448029222,45,9
-62.8110571215966,318.929684654413,0.099090525884845,46.6498645229201,0.417406617712845,8144.81143516855,45,10
-61.6365272035212,242.913297567431,0.299633100927178,9.84796510803349,0.333838888274248,40616.6296920041,45,11
-61.2380822694301,302.691823210922,0.167517860065478,24.2848935005196,0.394224452379471,17293.7433323343,45,12
-60.8243874203992,404.767297922483,0.0628669636370949,85.7255405567118,0.468062659150778,5131.67104470878,45,13
-59.0443860468519,259.849991488452,0.302084233739673,8.42875248702881,0.323462778059612,54574.2174704098,45,14
-59.0711595440114,412.736808159787,0.148725379075614,29.8551108338457,0.446795396564005,16076.6827328245,45,15
-59.1315921113078,459.39550818057,0.0878764582947273,66.6540112542563,0.484902059871835,7500.43900509456,45,16
-71.2442482087497,2.68862628717305,0.904955464366319,1.20807272957974,0.0262418842575911,165552.774290175,46,1
-75.4130928126447,6.35634212749033,0.893113371872742,1.24457466049031,0.0353872641281768,176767.021222783,46,2
-70.4898700378829,2.98554303725026,0.978801393045742,1.04334946327363,0.00878990806505665,230028.351092765,46,3
-76.6681641842285,23.714112529888,0.243682682282294,5.85505049546427,0.161081905555835,44405.2779958502,46,4
-70.0994257889615,12.6866883824942,0.504788780906265,3.18354189771449,0.121132798083683,87951.6668686907,46,5
-64.1170655820292,13.3293837308767,0.913718654922528,1.19573334513319,0.0372726921791159,250891.894490561,46,6
-63.8218168953376,37.8739244069142,0.66342221666247,2.20635347360122,0.12384664770473,145035.14394747,46,7
-64.189169596233,91.2080715338367,0.340457581770325,5.70999286120474,0.210075788990298,59543.9080674356,46,8
-63.1954841677967,92.2265118325738,0.293976988304221,6.81768436554725,0.219328766738001,52802.999229281,46,9
-61.8568359500796,127.328844762283,0.337660521897522,6.50165668392175,0.240688121304887,58445.7957105827,46,10
-61.4358583962759,222.631643866244,0.103296108280767,29.276838631167,0.35330601222132,13661.7115027195,46,11
-61.3968149792513,246.449265644783,0.0795995731157504,40.1850087623331,0.373530985377409,10450.6836711601,46,12
-58.9870565691536,82.8421944745466,0.61875843810347,2.35575573331472,0.137578060161116,186776.004837342,46,13
-59.9559350560208,172.60852758903,0.529572981581383,3.47162053636626,0.232082752390488,132502.248893704,46,14
-60.0730951644445,233.760102531417,0.38441437864325,6.41321282994046,0.303874010547167,74844.6370803423,46,15
-60.3057357191965,365.251342921806,0.069633037515166,51.2255530509657,0.429325215789227,9759.77309311004,46,16
-69.8462089478515,7.6021395082116,0.7135448862701,1.8461853532661,0.0765879235456085,108331.026165166,47,1
-63.6657862380016,1.12825580120922,0.999869125573424,1.00026179491429,0.000121994371086279,219942.419931229,47,2
-62.879262968974,5.80817348147165,0.960347890238419,1.0832867351523,0.0166411534452231,221547.914254829,47,3
-63.6147404234957,22.4501437805687,0.441080511451983,3.67654064341442,0.13402175581461,70717.9244474781,47,4
-63.5677427034168,78.7690230067098,0.263290777865986,7.90305535071275,0.226706260262231,35428.4620940614,47,5
-62.7144478240136,136.650911595147,0.133098905415542,18.6289819934897,0.301017204422329,16102.9932319478,47,6
-60.678234675586,95.878788328293,0.704424842380706,1.99737112842669,0.14710528746994,160210.087184856,47,7
-62.2237656938168,346.940472050043,0.0789110344961349,62.9336379122425,0.438747916407537,5401.53211314364,47,8
-61.6687978784866,321.288189158534,0.116515373504518,38.4376831825456,0.414970122003746,9364.83503709923,47,9
-59.2251945829132,127.011060503372,0.675453331014022,2.16876000346996,0.170461295858235,175214.79123044,47,10
-60.3745588292761,371.624005189527,0.0848065258684108,50.8818582132632,0.441832798806187,7860.36776292164,47,11
-59.6370806012279,263.230613498761,0.433114677680507,5.22412247473504,0.314634664806667,80395.4688847087,47,12
-60.15331772529,402.399140061259,0.0488849266040746,87.1073470092332,0.465324202168321,5050.25015181169,47,13
-59.6433846684794,350.641028747631,0.126281762774476,26.7007644842088,0.410722082738964,17227.0085918957,47,14
-59.2423559574588,367.161806739701,0.0767434457622218,50.5652404668268,0.436874028534732,9491.70675794847,47,15
-59.1470139760942,411.59149055173,0.0629444752380645,75.8048414167898,0.464863605363438,6594.89797307649,47,16
-70.5185971539848,6.72968630360529,0.703780979805746,1.92986380596943,0.0842256824721516,103633.774317602,48,1
-70.7996962344489,8.8948566672054,0.720854820711836,1.83463599306859,0.0767509539715877,119914.340605651,48,2
-57.9773475645342,1.42330077218366,0.999552606910188,1.00089533624597,0.000376280716287205,239785.310624805,48,3
-61.418539076505,25.3126157124399,0.359070877124448,4.77478286142178,0.156382874285896,54451.9473970806,48,4
-61.043636871798,44.8108580872139,0.759744571611057,1.69662563146667,0.0951539901934015,165033.05041421,48,5
-61.7480317786472,202.15856822569,0.115919858723895,27.0070139771711,0.352402638553726,11107.2624745889,48,6
-60.352860476006,224.695097868209,0.219605990876822,13.4423810393235,0.332605694038285,23804.3808343183,48,7
-59.9028110275168,265.533780461732,0.102295955066693,29.23118446596,0.378806596167255,11630.4479255161,48,8
-59.3723640749715,295.649803106208,0.070868358571502,51.8246312662502,0.411511988331555,6945.52313123669,48,9
-57.9227375724885,168.961782828209,0.463737221377484,3.91379359090679,0.229702827249923,97091.7544250709,48,10
-58.3356104333082,261.255006371373,0.294788129131917,9.50539539250803,0.335366804557164,42080.4688354796,48,11
-58.523031580438,356.783312939571,0.131740493270671,34.6343272505638,0.425701637090538,12125.7260911812,48,12
-58.1001337930492,329.830264454362,0.287805120816905,11.1345109907796,0.380510880137672,39515.8679020867,48,13
-58.168747700236,413.211910271424,0.144291216853255,35.1573639653576,0.452613970080481,13083.0583036604,48,14
-58.0404259248324,444.312909768854,0.116449394292216,46.6538086275341,0.471459258874068,10287.5705160114,48,15
-57.9265954465603,467.290141834671,0.124848461653457,46.4909494235413,0.483620975810534,10753.8029478579,48,16
-67.7074400865263,3.14951641150241,0.983772914097855,1.03310827362663,0.00771606321415725,193590.519016444,49,1
-72.2206577506441,5.62616658594545,0.978779976177376,1.04364912632634,0.0106223734245514,210798.774033452,49,2
-74.0425210404837,13.2399171417283,0.610198869081736,2.27298614804169,0.0932659563241979,105587.412934883,49,3
-70.3958804801986,26.1026091742481,0.524171398392395,2.72217043990204,0.119869508565906,95511.3882701238,49,4
-64.1240151572212,15.0316969429402,0.93850713802711,1.13461376897861,0.0302761700106898,246779.893776373,49,5
-66.0118404587789,89.9578955582266,0.372578885279307,6.08070074393765,0.227596396968769,49335.5834985645,49,6
-63.7583361496374,129.181669740277,0.320469764210157,7.43524479529487,0.259992849839161,43037.3946716038,49,7
-62.7166431359452,192.860578430726,0.217246657609663,12.0184399805818,0.312219850545573,28288.9444950373,49,8
-58.5383302329832,22.491634809846,0.945372545016741,1.11796701689527,0.0300543172242916,322012.972290021,49,9
-61.9069307869416,269.112166864024,0.149331659291627,23.5866369322904,0.375718881797351,16109.8597648498,49,10
-61.4612487003634,374.903617166612,0.0525891358555606,69.3800978033578,0.448568921548047,5764.35652865124,49,11
-59.6707570973267,285.734575509791,0.258680449882592,13.1191513840151,0.366747168542908,32013.3420620096,49,12
-59.936948297458,351.631340104812,0.0778282921637486,60.0084826489627,0.434997176626662,7331.31337375762,49,13
-59.0582471708794,342.011225481416,0.114817774121272,35.7284436642571,0.418928305806635,12873.9240870151,49,14
-58.951920546211,386.366407715811,0.0768841863246201,58.3313433806122,0.449891004710426,8227.86928470939,49,15
-58.0806157959993,416.619422966987,0.0908567046631127,51.6512045835584,0.458685651491697,9679.33570426847,49,16
-74.9422769052843,1.8955032960413,0.998999450920256,1.00200387308207,0.000790953547465791,199600.024879081,50,1
-75.4541449475033,4.68898044141297,0.951108487291345,1.10391924599331,0.0192554517846555,199289.845592215,50,2
-64.9924503195972,2.60418951391836,0.843945296556053,1.35800047104072,0.0353807376383117,176730.161083161,50,3
-64.706102379217,32.9701787619722,0.264086759415255,6.94052610008605,0.189953423108044,37460.2812094935,50,4
-61.9506633026441,61.6124076570652,0.231148766271238,7.04303880136827,0.209571018982132,39754.7088460199,50,5
-60.699372824893,130.640788306129,0.318011170477807,5.96692935037373,0.240353784302147,50276.2837363412,50,6
-58.7795220059365,66.483818821845,0.888829796284555,1.26514779017466,0.0718761676798689,252934.666871766,50,7
-60.2486680997174,235.280377090327,0.32779766193632,7.49821307842844,0.309926277039509,45343.2702180652,50,8
-60.1936962503041,304.525524420118,0.108556609477125,30.3228096202662,0.395391054137084,11871.2837503138,50,9
-59.815159924486,329.262292187203,0.0938822646911926,37.4694576129545,0.413024395278873,10140.6199783112,50,10
-58.8798219363292,233.483220288537,0.380292764879963,6.40021531158051,0.306383027752005,62497.0536612169,50,11
-59.0272419988443,295.4810091415,0.203672102377576,17.2427819537694,0.375964939498961,24357.0763874076,50,12
-59.0705374776236,331.1629791742,0.14404974617468,26.230923824049,0.404551053021389,16773.1328095832,50,13
-58.4762570624033,288.052193010201,0.28960686074008,10.7680712839581,0.360883999724464,42717.9779718548,50,14
-58.751150706639,388.348378845138,0.0642514232055876,64.0769787624433,0.455232224941745,7490.00549275466,50,15
-58.2513904183677,324.568319984762,0.22840452144749,15.5709152376559,0.390474949573688,32110.2145522236,50,16
