measure,location,sex,age,cause,metric,year,val,upper,lower
Deaths,Viet Nam,Both,15-49 years,Tuberculosis,Number,2010,5283.551994965047,6760.565881428015,3933.718913460262
Deaths,Viet Nam,Both,50-69 years,Tuberculosis,Number,2010,5683.256052928889,6813.912518081488,4786.287253304036
Deaths,Viet Nam,Both,70+ years,Tuberculosis,Number,2010,11834.774818432452,13531.168448741706,10317.043924114854
Deaths,Philippines,Both,15-49 years,Tuberculosis,Number,2010,8651.220594703318,9651.78877187972,7902.36212033475
Deaths,Philippines,Both,50-69 years,Tuberculosis,Number,2010,11240.924342560482,12724.148667585843,10154.566878465026
Deaths,Philippines,Both,70+ years,Tuberculosis,Number,2010,7450.3947561005325,8275.875213299581,6841.755704743096
Deaths,Cambodia,Both,15-49 years,Tuberculosis,Number,2010,2431.7560379284037,3175.0056706896744,1804.1634708463105
Deaths,Cambodia,Both,50-69 years,Tuberculosis,Number,2010,2720.6592367150874,3557.8798242586463,2003.1526648485622
Deaths,Cambodia,Both,70+ years,Tuberculosis,Number,2010,2174.843854902571,2839.511952879565,1542.268849396452
Deaths,Viet Nam,Both,15-49 years,Drug-susceptible tuberculosis,Number,2011,4483.696345744046,5889.674762144911,3206.198422860304
Deaths,Viet Nam,Both,50-69 years,Drug-susceptible tuberculosis,Number,2011,5102.184664732277,6272.578796507013,4138.455167036336
Deaths,Viet Nam,Both,70+ years,Drug-susceptible tuberculosis,Number,2011,10301.506327162058,12107.363736853402,8604.76931725257
Deaths,Viet Nam,Both,15-49 years,Drug-susceptible tuberculosis,Number,2010,4723.553268330833,6181.847871771545,3389.8544059525925
Deaths,Viet Nam,Both,50-69 years,Drug-susceptible tuberculosis,Number,2010,5059.49671950023,6170.324978451434,4154.964478471466
Deaths,Viet Nam,Both,70+ years,Drug-susceptible tuberculosis,Number,2010,10534.413219352635,12373.30364812331,8731.9962876981
Deaths,Bangladesh,Both,15-49 years,Tuberculosis,Number,2011,9664.804821238327,12227.165935109111,7753.60670558152
Deaths,Bangladesh,Both,50-69 years,Tuberculosis,Number,2011,12047.261530729316,15200.836403164505,9663.09027322759
Deaths,Bangladesh,Both,70+ years,Tuberculosis,Number,2011,9801.457227620702,12617.692225160172,7674.682949613879
Deaths,Nepal,Both,15-49 years,Tuberculosis,Number,2010,2260.183763436289,2914.5541809658994,1524.3247286558221
Deaths,Nepal,Both,50-69 years,Tuberculosis,Number,2010,3160.7154016187633,3804.6572120084606,2529.8364043669703
Deaths,Nepal,Both,70+ years,Tuberculosis,Number,2010,2574.9562417237667,3025.1989038410825,2160.157592169606
Deaths,Nepal,Both,15-49 years,Drug-susceptible tuberculosis,Number,2010,2065.9163383000614,2669.908333422035,1390.203621556057
Deaths,Nepal,Both,50-69 years,Drug-susceptible tuberculosis,Number,2010,2887.014528426325,3518.284782350497,2267.360705489016
Deaths,Nepal,Both,70+ years,Drug-susceptible tuberculosis,Number,2010,2352.3634799834845,2785.3598652833825,1952.6242506511649
Deaths,Viet Nam,Both,15-49 years,Tuberculosis,Number,2011,5047.066893529014,6463.261412298622,3667.8971707368037
Deaths,Viet Nam,Both,50-69 years,Tuberculosis,Number,2011,5768.663284836564,6899.936569469914,4816.497311558031
Deaths,Viet Nam,Both,70+ years,Tuberculosis,Number,2011,11650.632715804451,13365.186065861246,9997.0895115825
Deaths,Bangladesh,Both,15-49 years,Drug-susceptible tuberculosis,Number,2010,9964.431342368985,12573.640767072879,8056.853320257697
Deaths,Bangladesh,Both,50-69 years,Drug-susceptible tuberculosis,Number,2010,11948.654926722336,14788.639796141642,9524.687956235774
Deaths,Bangladesh,Both,70+ years,Drug-susceptible tuberculosis,Number,2010,10289.099295780085,13134.91179813643,8099.587516936205
Deaths,Cambodia,Both,15-49 years,Drug-susceptible tuberculosis,Number,2010,2356.9443753186347,3075.01627232363,1749.5718052306568
Deaths,Cambodia,Both,50-69 years,Drug-susceptible tuberculosis,Number,2010,2635.076384589036,3450.4244569628877,1948.9774887673482
Deaths,Cambodia,Both,70+ years,Drug-susceptible tuberculosis,Number,2010,2105.7835951367324,2764.8570900227214,1483.1168103224481
Deaths,Nepal,Both,15-49 years,Tuberculosis,Number,2011,2237.6113372801965,2895.153565586128,1508.8207943643542
Deaths,Nepal,Both,50-69 years,Tuberculosis,Number,2011,3156.4981010170113,3807.380676739799,2529.6612948865586
Deaths,Nepal,Both,70+ years,Tuberculosis,Number,2011,2608.7342615092784,3088.0277332462574,2174.2810496308857
Deaths,Philippines,Both,15-49 years,Drug-susceptible tuberculosis,Number,2012,7619.237803113714,8549.061582571625,6864.349081928337
Deaths,Philippines,Both,50-69 years,Drug-susceptible tuberculosis,Number,2012,10104.699387168228,11437.048867908281,9026.38198216769
Deaths,Philippines,Both,70+ years,Drug-susceptible tuberculosis,Number,2012,6748.874453938138,7600.987712707149,6082.0271937855305
Deaths,Bangladesh,Both,15-49 years,Tuberculosis,Number,2010,10665.873729532474,13410.528524930432,8743.11564600628
Deaths,Bangladesh,Both,50-69 years,Tuberculosis,Number,2010,12792.850324905798,15883.951552627701,10326.166429332454
Deaths,Bangladesh,Both,70+ years,Tuberculosis,Number,2010,11016.814563553216,13884.910024848705,8740.416255958582
Deaths,Cambodia,Both,15-49 years,Tuberculosis,Number,2011,2315.2594873656876,3037.54906598162,1704.3874571578363
Deaths,Cambodia,Both,50-69 years,Tuberculosis,Number,2011,2705.543018483341,3555.1435730371927,2000.5990176693049
Deaths,Cambodia,Both,70+ years,Tuberculosis,Number,2011,2164.39332568252,2791.5074653559614,1561.5657705452022
Deaths,Bangladesh,Both,15-49 years,Drug-susceptible tuberculosis,Number,2011,9018.44391974081,11499.698850044775,7176.793493333768
Deaths,Bangladesh,Both,50-69 years,Drug-susceptible tuberculosis,Number,2011,11238.402484972305,14179.761152436224,8800.013669119671
Deaths,Bangladesh,Both,70+ years,Drug-susceptible tuberculosis,Number,2011,9142.729895212986,11866.044838504009,7067.104704680288
Deaths,Cambodia,Both,15-49 years,Drug-susceptible tuberculosis,Number,2011,2254.3998969955837,2926.1636550637977,1660.5179380116547
Deaths,Cambodia,Both,50-69 years,Drug-susceptible tuberculosis,Number,2011,2632.9983305744195,3460.7843707809334,1933.1835379134711
Deaths,Cambodia,Both,70+ years,Drug-susceptible tuberculosis,Number,2011,2105.8287991106536,2735.641506729385,1512.813485607857
Deaths,Philippines,Both,15-49 years,Tuberculosis,Number,2012,8265.180029496742,9238.559405876778,7597.655301427016
Deaths,Philippines,Both,50-69 years,Tuberculosis,Number,2012,10964.730315484816,12288.79849558382,9978.610951960445
Deaths,Philippines,Both,70+ years,Tuberculosis,Number,2012,7322.871831656428,8105.908369743014,6711.373452580102
Deaths,Nepal,Both,15-49 years,Drug-susceptible tuberculosis,Number,2011,2047.1814462816394,2675.8123864902323,1381.3445678654266
Deaths,Nepal,Both,50-69 years,Drug-susceptible tuberculosis,Number,2011,2885.6865817325333,3561.8348650131784,2254.466506964993
Deaths,Nepal,Both,70+ years,Drug-susceptible tuberculosis,Number,2011,2385.324575281622,2842.465873431227,1972.0099697102273
Deaths,Philippines,Both,15-49 years,Drug-susceptible tuberculosis,Number,2010,8080.332260484353,9112.001948819903,7249.66439583344
Deaths,Philippines,Both,50-69 years,Drug-susceptible tuberculosis,Number,2010,10496.70039332525,11972.150684747523,9366.16890731978
Deaths,Philippines,Both,70+ years,Drug-susceptible tuberculosis,Number,2010,6956.320277773826,7838.0973183612,6286.768796809955
Deaths,Viet Nam,Both,15-49 years,Drug-susceptible tuberculosis,Number,2012,4232.566138071529,5596.450989240327,2994.6481869285144
Deaths,Viet Nam,Both,50-69 years,Drug-susceptible tuberculosis,Number,2012,5088.948793499348,6313.976490929112,4058.5567574834713
Deaths,Viet Nam,Both,70+ years,Drug-susceptible tuberculosis,Number,2012,9976.114336450199,11772.619723483836,8197.171629618148
Deaths,Philippines,Both,15-49 years,Tuberculosis,Number,2011,8539.649640960593,9531.002526347047,7861.432366252247
Deaths,Philippines,Both,50-69 years,Tuberculosis,Number,2011,11179.406840048978,12692.165676857727,10204.694804959025
Deaths,Philippines,Both,70+ years,Tuberculosis,Number,2011,7434.636257588047,8284.230065910264,6815.401888738622
Deaths,Cambodia,Both,15-49 years,Drug-susceptible tuberculosis,Number,2012,2149.562679644279,2838.952732073629,1572.1326330698269
Deaths,Cambodia,Both,50-69 years,Drug-susceptible tuberculosis,Number,2012,2617.020664336336,3468.500284260092,1938.71070358429
Deaths,Cambodia,Both,70+ years,Drug-susceptible tuberculosis,Number,2012,2082.010073407561,2678.7832119510012,1516.86110574001
Deaths,Philippines,Both,15-49 years,Drug-susceptible tuberculosis,Number,2011,7942.623939277447,8830.120981591657,7150.3206313699175
Deaths,Philippines,Both,50-69 years,Drug-susceptible tuberculosis,Number,2011,10394.822037367687,11740.093848771961,9275.602123556331
Deaths,Philippines,Both,70+ years,Drug-susceptible tuberculosis,Number,2011,6912.44263588541,7743.526307171663,6182.946433812456
Deaths,Viet Nam,Both,15-49 years,Tuberculosis,Number,2012,4815.040453333049,6237.9728993508115,3459.410345902565
Deaths,Viet Nam,Both,50-69 years,Tuberculosis,Number,2012,5817.043935325185,7036.943978276496,4765.979958972046
Deaths,Viet Nam,Both,70+ years,Tuberculosis,Number,2012,11407.671018019184,13221.13517038191,9809.686523405699
Deaths,Cambodia,Both,15-49 years,Tuberculosis,Number,2012,2199.8004784652494,2918.6092516449853,1598.0377999236512
Deaths,Cambodia,Both,50-69 years,Tuberculosis,Number,2012,2679.260396272416,3550.2408886268076,1984.9656373369737
Deaths,Cambodia,Both,70+ years,Tuberculosis,Number,2012,2131.9644117271173,2735.3775319270126,1569.5315239574809
Deaths,Bangladesh,Both,15-49 years,Drug-susceptible tuberculosis,Number,2012,8621.817488156577,11220.204746923935,6743.158976617649
Deaths,Bangladesh,Both,50-69 years,Drug-susceptible tuberculosis,Number,2012,10691.26426090223,13855.40847756445,8215.853406844319
Deaths,Bangladesh,Both,70+ years,Drug-susceptible tuberculosis,Number,2012,8162.1749760406665,10835.307907429637,6131.487553485261
Deaths,Nepal,Both,15-49 years,Drug-susceptible tuberculosis,Number,2012,2009.259060968005,2622.253135422037,1322.9292970399968
Deaths,Nepal,Both,50-69 years,Drug-susceptible tuberculosis,Number,2012,2885.5659871668686,3599.2935091986315,2233.103805551022
Deaths,Nepal,Both,70+ years,Drug-susceptible tuberculosis,Number,2012,2428.3026813827073,2928.1602936773616,1979.0703857440883
Deaths,Bangladesh,Both,15-49 years,Tuberculosis,Number,2012,9250.25810265302,11971.318690210952,7311.158350319494
Deaths,Bangladesh,Both,50-69 years,Tuberculosis,Number,2012,11473.644424065853,14691.22210592696,9052.704501772396
Deaths,Bangladesh,Both,70+ years,Tuberculosis,Number,2012,8760.023510296754,11448.019355894394,6635.869050026883
Deaths,Nepal,Both,15-49 years,Tuberculosis,Number,2012,2197.2577074252563,2856.777475681498,1471.9829154391737
Deaths,Nepal,Both,50-69 years,Tuberculosis,Number,2012,3157.8769289580405,3881.769310360045,2497.271528999458
Deaths,Nepal,Both,70+ years,Tuberculosis,Number,2012,2656.885274573219,3161.1235678581734,2203.9930077572035
Deaths,Philippines,Both,15-49 years,Drug-susceptible tuberculosis,Number,2013,7514.640634129582,8558.687519847888,6661.841018767362
Deaths,Philippines,Both,50-69 years,Drug-susceptible tuberculosis,Number,2013,10082.168547068411,11528.101648919806,8853.756028988551
Deaths,Philippines,Both,70+ years,Drug-susceptible tuberculosis,Number,2013,6661.372051311167,7519.758296393014,5957.434903057955
Deaths,Cambodia,Both,15-49 years,Drug-susceptible tuberculosis,Number,2014,1951.0856562459078,2619.2128016372485,1395.3130690310506
Deaths,Cambodia,Both,50-69 years,Drug-susceptible tuberculosis,Number,2014,2581.7651791256126,3515.9291872093645,1910.0614225201873
Deaths,Cambodia,Both,70+ years,Drug-susceptible tuberculosis,Number,2014,1997.2567421988708,2578.982737857787,1479.5800602754416
Deaths,Philippines,Both,15-49 years,Tuberculosis,Number,2013,8088.530842047391,9109.838329833008,7351.870843352527
Deaths,Philippines,Both,50-69 years,Tuberculosis,Number,2013,10855.431018200925,12349.65651213522,9793.591654809767
Deaths,Philippines,Both,70+ years,Tuberculosis,Number,2013,7172.220610724798,8045.503933059212,6517.303168145881
Deaths,Cambodia,Both,15-49 years,Tuberculosis,Number,2013,2086.84425312788,2771.957138746778,1492.4566624802783
Deaths,Cambodia,Both,50-69 years,Tuberculosis,Number,2013,2659.029430274854,3573.8919977050255,1951.5785956177049
Deaths,Cambodia,Both,70+ years,Tuberculosis,Number,2013,2083.3406559471723,2659.7287926126974,1539.7546508556884
Deaths,Cambodia,Both,15-49 years,Tuberculosis,Number,2015,1895.4852948104249,2577.9142263124045,1350.8137538532635
Deaths,Cambodia,Both,50-69 years,Tuberculosis,Number,2015,2592.589381745195,3577.5586462864608,1893.2387592790221
Deaths,Cambodia,Both,70+ years,Tuberculosis,Number,2015,1982.5776579562885,2558.943464017568,1455.8858025746529
Deaths,Viet Nam,Both,15-49 years,Drug-susceptible tuberculosis,Number,2013,4137.359319794345,5462.965750498541,2941.713127248014
Deaths,Viet Nam,Both,50-69 years,Drug-susceptible tuberculosis,Number,2013,5206.69270749526,6513.273808142562,4137.445486671653
Deaths,Viet Nam,Both,70+ years,Drug-susceptible tuberculosis,Number,2013,9895.515450979297,11789.941051797014,8157.294216278075
Deaths,Cambodia,Both,15-49 years,Drug-susceptible tuberculosis,Number,2013,2045.5577436601152,2710.7856730429216,1468.2893267017648
Deaths,Cambodia,Both,50-69 years,Drug-susceptible tuberculosis,Number,2013,2605.6561866179904,3522.588991792229,1911.023694612119
Deaths,Cambodia,Both,70+ years,Drug-susceptible tuberculosis,Number,2013,2041.1917882531525,2615.975452510099,1488.9545363509264
Deaths,Bangladesh,Both,15-49 years,Tuberculosis,Number,2013,8810.2237883145,11465.678094465984,6878.732264561367
Deaths,Bangladesh,Both,50-69 years,Tuberculosis,Number,2013,11240.116356546732,14535.227788289974,8698.450183977991
Deaths,Bangladesh,Both,70+ years,Tuberculosis,Number,2013,8990.496013673634,11757.39858958646,6799.432923008216
Deaths,Nepal,Both,15-49 years,Drug-susceptible tuberculosis,Number,2013,1969.9014881836458,2615.194106658461,1292.4686077559343
Deaths,Nepal,Both,50-69 years,Drug-susceptible tuberculosis,Number,2013,2876.03749749012,3643.6665242945037,2218.6565325421925
Deaths,Nepal,Both,70+ years,Drug-susceptible tuberculosis,Number,2013,2453.56642197428,2998.618015477026,1940.7519942613474
Deaths,Viet Nam,Both,15-49 years,Tuberculosis,Number,2013,4626.473789674287,6004.199379515498,3299.3232037556004
Deaths,Viet Nam,Both,50-69 years,Tuberculosis,Number,2013,5846.44473132642,7183.63634650204,4706.539491938693
Deaths,Viet Nam,Both,70+ years,Tuberculosis,Number,2013,11114.678284085501,13022.69438123731,9501.672784806895
Deaths,Bangladesh,Both,15-49 years,Tuberculosis,Number,2014,8471.27733752182,11135.99252539333,6592.372609217342
Deaths,Bangladesh,Both,50-69 years,Tuberculosis,Number,2014,11164.97677492441,14586.975616563417,8534.000273882702
Deaths,Bangladesh,Both,70+ years,Tuberculosis,Number,2014,9873.143879386864,12850.770738724963,7531.770685903656
Deaths,Bangladesh,Both,15-49 years,Drug-susceptible tuberculosis,Number,2013,8196.916763350651,10712.665351465292,6278.829235065929
Deaths,Bangladesh,Both,50-69 years,Drug-susceptible tuberculosis,Number,2013,10454.767436296728,13732.849208868936,8007.290591186485
Deaths,Bangladesh,Both,70+ years,Drug-susceptible tuberculosis,Number,2013,8361.734976437103,11009.226037266722,6253.033400032284
Deaths,Philippines,Both,15-49 years,Tuberculosis,Number,2014,8409.380227043925,9506.34188160542,7503.508944348434
Deaths,Philippines,Both,50-69 years,Tuberculosis,Number,2014,11341.550241945499,12993.839138891432,9991.152063361556
Deaths,Philippines,Both,70+ years,Tuberculosis,Number,2014,7388.518814291457,8287.674879049722,6683.094436955498
Deaths,Philippines,Both,15-49 years,Drug-susceptible tuberculosis,Number,2014,7856.2601774202885,8959.91922444938,6890.00667077449
Deaths,Philippines,Both,50-69 years,Drug-susceptible tuberculosis,Number,2014,10592.464750866857,12190.283087433358,9201.194975490962
Deaths,Philippines,Both,70+ years,Drug-susceptible tuberculosis,Number,2014,6901.278342154874,7789.938496747893,6116.11795118281
Deaths,Nepal,Both,15-49 years,Tuberculosis,Number,2013,2159.7449697606116,2822.7142342350485,1450.0629383319756
Deaths,Nepal,Both,50-69 years,Tuberculosis,Number,2013,3155.5604397220072,3921.0479996033787,2483.767916751788
Deaths,Nepal,Both,70+ years,Tuberculosis,Number,2013,2691.403646626293,3259.754322254867,2200.329782480518
Deaths,Cambodia,Both,15-49 years,Drug-susceptible tuberculosis,Number,2015,1864.2034853457174,2528.851766146448,1331.8499670140604
Deaths,Cambodia,Both,50-69 years,Drug-susceptible tuberculosis,Number,2015,2549.3873219647053,3479.6174451509987,1868.3427674155025
Deaths,Cambodia,Both,70+ years,Drug-susceptible tuberculosis,Number,2015,1949.307444303852,2510.6611699233895,1435.734886450144
Deaths,Bangladesh,Both,15-49 years,Drug-susceptible tuberculosis,Number,2014,7869.629855177712,10418.986508984408,5975.424520570785
Deaths,Bangladesh,Both,50-69 years,Drug-susceptible tuberculosis,Number,2014,10369.03917482192,13748.610665494132,7810.655807370601
Deaths,Bangladesh,Both,70+ years,Drug-susceptible tuberculosis,Number,2014,9168.427718901334,12078.181479957133,6914.139762350397
Deaths,Cambodia,Both,15-49 years,Drug-susceptible tuberculosis,Number,2016,1780.5967485628098,2441.943674425462,1256.5372731894438
Deaths,Cambodia,Both,50-69 years,Drug-susceptible tuberculosis,Number,2016,2507.3974362818467,3438.2543669620954,1811.2551175701115
Deaths,Cambodia,Both,70+ years,Drug-susceptible tuberculosis,Number,2016,1896.5650738284646,2492.0797190404573,1401.1742316102502
Deaths,Philippines,Both,15-49 years,Tuberculosis,Number,2015,8820.356166782642,9958.473093819941,7802.504105119793
Deaths,Philippines,Both,50-69 years,Tuberculosis,Number,2015,12023.75385420893,13680.862605276543,10528.281949513339
Deaths,Philippines,Both,70+ years,Tuberculosis,Number,2015,7751.660757618724,8601.091393615683,6909.984047413557
Deaths,Nepal,Both,15-49 years,Drug-susceptible tuberculosis,Number,2014,1933.7831318413935,2567.6697728415375,1268.718271317195
Deaths,Nepal,Both,50-69 years,Drug-susceptible tuberculosis,Number,2014,2841.612550522084,3582.9120149250484,2142.3141351345744
Deaths,Nepal,Both,70+ years,Drug-susceptible tuberculosis,Number,2014,2448.1736183370454,3030.053281393578,1908.8460908908828
Deaths,Cambodia,Both,15-49 years,Tuberculosis,Number,2016,1811.6823501743424,2483.8695659769633,1285.1015027309586
Deaths,Cambodia,Both,50-69 years,Tuberculosis,Number,2016,2551.5776886787135,3505.492045955231,1847.185514058769
Deaths,Cambodia,Both,70+ years,Tuberculosis,Number,2016,1930.2073263761806,2525.596201167841,1436.8749320045788
Deaths,Viet Nam,Both,15-49 years,Drug-susceptible tuberculosis,Number,2014,4035.3554056198095,5377.16774560726,2894.4523453823435
Deaths,Viet Nam,Both,50-69 years,Drug-susceptible tuberculosis,Number,2014,5322.632248592936,6788.0658014047485,4163.719377133993
Deaths,Viet Nam,Both,70+ years,Drug-susceptible tuberculosis,Number,2014,9808.95999802842,11809.140446766793,8092.166600256709
Deaths,Viet Nam,Both,15-49 years,Tuberculosis,Number,2014,4448.4131333338,5855.199151833368,3178.419570847533
Deaths,Viet Nam,Both,50-69 years,Tuberculosis,Number,2014,5888.457259825397,7366.180830085939,4669.3392941118855
Deaths,Viet Nam,Both,70+ years,Tuberculosis,Number,2014,10854.292113208547,12891.26073018896,9212.460899838456
Deaths,Nepal,Both,15-49 years,Tuberculosis,Number,2014,2124.177640890134,2768.397893445186,1427.2495821856128
Deaths,Nepal,Both,50-69 years,Tuberculosis,Number,2014,3123.8431608726105,3925.4482080224107,2409.4448166633583
Deaths,Nepal,Both,70+ years,Tuberculosis,Number,2014,2690.82197355695,3274.0663047177572,2146.832194880867
Deaths,Philippines,Both,15-49 years,Drug-susceptible tuberculosis,Number,2015,8277.379982531873,9438.413770386107,7172.432959097625
Deaths,Philippines,Both,50-69 years,Drug-susceptible tuberculosis,Number,2015,11280.913337887418,12995.9003918402,9694.115843413947
Deaths,Philippines,Both,70+ years,Drug-susceptible tuberculosis,Number,2015,7273.463984772244,8160.40960736462,6347.497300603918
Deaths,Viet Nam,Both,15-49 years,Tuberculosis,Number,2015,4225.266151686475,5545.9202624641675,3061.256943916544
Deaths,Viet Nam,Both,50-69 years,Tuberculosis,Number,2015,5849.511074917716,7442.475434179794,4581.362718911064
Deaths,Viet Nam,Both,70+ years,Tuberculosis,Number,2015,10533.45800943559,12634.486175113776,8791.565650017019
Deaths,Viet Nam,Both,15-49 years,Drug-susceptible tuberculosis,Number,2015,3860.4341617004793,5096.552335974885,2768.5736670907286
Deaths,Viet Nam,Both,50-69 years,Drug-susceptible tuberculosis,Number,2015,5326.94278295224,6859.802636696316,4101.755960668539
Deaths,Viet Nam,Both,70+ years,Drug-susceptible tuberculosis,Number,2015,9590.511782883597,11561.893952499304,7865.841312922383
Deaths,Cambodia,Both,15-49 years,Tuberculosis,Number,2014,1985.7670320071063,2665.8067701933155,1417.4364314759973
Deaths,Cambodia,Both,50-69 years,Tuberculosis,Number,2014,2628.2232674128013,3564.459711247083,1935.664478835766
Deaths,Cambodia,Both,70+ years,Tuberculosis,Number,2014,2033.4620596858165,2626.2466840228676,1503.112398060676
Deaths,Bangladesh,Both,15-49 years,Drug-susceptible tuberculosis,Number,2015,7597.87259365644,10154.048349425253,5733.741483538052
Deaths,Bangladesh,Both,50-69 years,Drug-susceptible tuberculosis,Number,2015,9916.809594336113,13305.796500261173,7365.427613219775
Deaths,Bangladesh,Both,70+ years,Drug-susceptible tuberculosis,Number,2015,9275.804933569396,12387.743309677155,6971.761164114403
Deaths,Bangladesh,Both,15-49 years,Tuberculosis,Number,2015,8193.403573308904,10832.505127734308,6333.550690533521
Deaths,Bangladesh,Both,50-69 years,Tuberculosis,Number,2015,10696.91427192164,14150.657165960138,8130.936639587196
Deaths,Bangladesh,Both,70+ years,Tuberculosis,Number,2015,10006.714435146801,13157.460186521326,7664.199069601451
Deaths,Philippines,Both,15-49 years,Tuberculosis,Number,2016,8943.63329566308,10410.579871834781,7676.362651851187
Deaths,Philippines,Both,50-69 years,Tuberculosis,Number,2016,12368.08631612073,14710.809645967709,10372.432725376591
Deaths,Philippines,Both,70+ years,Tuberculosis,Number,2016,7889.79714280636,9041.290192964234,6832.750147514587
Deaths,Philippines,Both,15-49 years,Drug-susceptible tuberculosis,Number,2016,8374.66371601255,9869.076962430345,7059.918782786879
Deaths,Philippines,Both,50-69 years,Drug-susceptible tuberculosis,Number,2016,11578.08544602722,13914.709427232696,9584.827043914287
Deaths,Philippines,Both,70+ years,Drug-susceptible tuberculosis,Number,2016,7386.991152987926,8513.28356387008,6268.022106158481
Deaths,Viet Nam,Both,15-49 years,Tuberculosis,Number,2016,4011.974933824171,5274.555717891262,2893.8775554453837
Deaths,Viet Nam,Both,50-69 years,Tuberculosis,Number,2016,5846.352931712775,7541.32630886257,4553.660795674466
Deaths,Viet Nam,Both,70+ years,Tuberculosis,Number,2016,10199.007842556919,12396.866569229773,8425.741701791078
Deaths,Nepal,Both,15-49 years,Drug-susceptible tuberculosis,Number,2015,1911.1979163944648,2557.3562553523743,1257.6533305523656
Deaths,Nepal,Both,50-69 years,Drug-susceptible tuberculosis,Number,2015,2824.575264703999,3536.350759521444,2075.750147085996
Deaths,Nepal,Both,70+ years,Drug-susceptible tuberculosis,Number,2015,2449.3607258091215,3033.2436499831642,1880.8274814577337
Deaths,Nepal,Both,15-49 years,Tuberculosis,Number,2015,2103.9709607287314,2733.1386511156484,1434.0640243203095
Deaths,Nepal,Both,50-69 years,Tuberculosis,Number,2015,3112.019470270434,3912.829606333307,2397.6055461522637
Deaths,Nepal,Both,70+ years,Tuberculosis,Number,2015,2698.0287819633254,3304.2693344588256,2168.144579333342
Deaths,Viet Nam,Both,15-49 years,Drug-susceptible tuberculosis,Number,2016,3655.2893681801665,4856.247216988896,2576.689929803393
Deaths,Viet Nam,Both,50-69 years,Drug-susceptible tuberculosis,Number,2016,5308.6229588108945,6875.140121114861,3959.0471411520693
Deaths,Viet Nam,Both,70+ years,Drug-susceptible tuberculosis,Number,2016,9259.04994413258,11351.913965527308,7361.178322896687
Deaths,Viet Nam,Both,15-49 years,Drug-susceptible tuberculosis,Number,2017,3464.8318661958347,4565.616845239594,2446.388277600542
Deaths,Viet Nam,Both,50-69 years,Drug-susceptible tuberculosis,Number,2017,5275.167168787849,6894.026591142744,3875.726327673076
Deaths,Viet Nam,Both,70+ years,Drug-susceptible tuberculosis,Number,2017,8944.821539609089,11013.415238050095,6991.902098258922
Deaths,Nepal,Both,15-49 years,Tuberculosis,Number,2017,1982.837151771131,2607.567381570345,1350.813749814245
Deaths,Nepal,Both,50-69 years,Tuberculosis,Number,2017,3011.089154547695,3825.9150954723914,2273.6899592203986
Deaths,Nepal,Both,70+ years,Tuberculosis,Number,2017,2683.7115214255477,3347.1055157145324,2103.0215007162487
Deaths,Nepal,Both,15-49 years,Drug-susceptible tuberculosis,Number,2016,1857.1704131632534,2485.989049035535,1211.208293657358
Deaths,Nepal,Both,50-69 years,Drug-susceptible tuberculosis,Number,2016,2778.5091654608914,3532.587261458437,1992.2241087081109
Deaths,Nepal,Both,70+ years,Drug-susceptible tuberculosis,Number,2016,2436.0098141457074,3084.618013424057,1864.62563930164
Deaths,Viet Nam,Both,15-49 years,Tuberculosis,Number,2017,3808.7243943512294,5025.747349821478,2760.3591330405416
Deaths,Viet Nam,Both,50-69 years,Tuberculosis,Number,2017,5818.842298345957,7510.844940218479,4464.771630240547
Deaths,Viet Nam,Both,70+ years,Tuberculosis,Number,2017,9868.60644735907,12025.56467825469,8057.072105705969
Deaths,Cambodia,Both,15-49 years,Drug-susceptible tuberculosis,Number,2017,1695.2012931382394,2334.7840585672575,1184.3041088480836
Deaths,Cambodia,Both,50-69 years,Drug-susceptible tuberculosis,Number,2017,2455.1476867407705,3412.9729475712616,1742.080454536742
Deaths,Cambodia,Both,70+ years,Drug-susceptible tuberculosis,Number,2017,1847.5664963115396,2427.70607786847,1357.0463864274134
Deaths,Cambodia,Both,15-49 years,Tuberculosis,Number,2017,1725.8066398868575,2378.786548143239,1212.0197337443583
Deaths,Cambodia,Both,50-69 years,Tuberculosis,Number,2017,2499.82342738781,3476.399146648529,1777.2156118836087
Deaths,Cambodia,Both,70+ years,Tuberculosis,Number,2017,1881.3865007998397,2475.501987396802,1400.8889525547045
Deaths,Nepal,Both,15-49 years,Drug-susceptible tuberculosis,Number,2017,1789.4095555729848,2403.7155485697476,1180.9693300883991
Deaths,Nepal,Both,50-69 years,Drug-susceptible tuberculosis,Number,2017,2715.1544729346792,3460.762956096181,1943.4368507241954
Deaths,Nepal,Both,70+ years,Drug-susceptible tuberculosis,Number,2017,2420.3879580852135,3106.6946724984346,1810.8581586812643
Deaths,Philippines,Both,15-49 years,Tuberculosis,Number,2017,8928.269949921998,10657.523593664213,7467.143968882977
Deaths,Philippines,Both,50-69 years,Tuberculosis,Number,2017,12361.740778840638,15254.714449630901,10099.604630103822
Deaths,Philippines,Both,70+ years,Tuberculosis,Number,2017,7805.438401220607,8987.44166186077,6697.81867744594
Deaths,Bangladesh,Both,15-49 years,Drug-susceptible tuberculosis,Number,2016,7318.215261253155,9893.157472181247,5539.101973973566
Deaths,Bangladesh,Both,50-69 years,Drug-susceptible tuberculosis,Number,2016,9833.014397665636,13427.621529812071,7336.23706250223
Deaths,Bangladesh,Both,70+ years,Drug-susceptible tuberculosis,Number,2016,9525.239323352387,12845.880876475756,7036.550941710334
Deaths,Bangladesh,Both,15-49 years,Tuberculosis,Number,2017,7693.136324001669,10411.328165111507,5849.66259118227
Deaths,Bangladesh,Both,50-69 years,Tuberculosis,Number,2017,10478.457245874137,14107.370395759122,7847.557651187753
Deaths,Bangladesh,Both,70+ years,Tuberculosis,Number,2017,11151.733073673766,14866.289049710247,8332.959261402693
Deaths,Bangladesh,Both,15-49 years,Drug-susceptible tuberculosis,Number,2017,7098.422301353093,9635.346795869884,5265.985037994822
Deaths,Bangladesh,Both,50-69 years,Drug-susceptible tuberculosis,Number,2017,9666.633090534822,13171.778263908003,7101.1729012365495
Deaths,Bangladesh,Both,70+ years,Drug-susceptible tuberculosis,Number,2017,10284.756035047421,14075.986274363668,7583.208464805349
Deaths,Bangladesh,Both,15-49 years,Tuberculosis,Number,2016,7909.1807626661985,10555.315563204405,6088.709700217243
Deaths,Bangladesh,Both,50-69 years,Tuberculosis,Number,2016,10629.525263262498,14257.7683752914,8004.190128118767
Deaths,Bangladesh,Both,70+ years,Tuberculosis,Number,2016,10298.736621515985,13763.090659866339,7755.7991894955285
Deaths,Philippines,Both,15-49 years,Drug-susceptible tuberculosis,Number,2017,8352.73510249008,10063.567570874375,6818.013684581411
Deaths,Philippines,Both,50-69 years,Drug-susceptible tuberculosis,Number,2017,11562.856538415555,14276.91649022078,9197.243637311512
Deaths,Philippines,Both,70+ years,Drug-susceptible tuberculosis,Number,2017,7301.707295521979,8519.050511775069,6140.189472748411
Deaths,Nepal,Both,15-49 years,Tuberculosis,Number,2016,2050.4076891739364,2665.950743237657,1380.3862048570593
Deaths,Nepal,Both,50-69 years,Tuberculosis,Number,2016,3070.16957290071,3871.6574778322133,2342.6838810000995
Deaths,Nepal,Both,70+ years,Tuberculosis,Number,2016,2691.1171310133063,3299.0148256203006,2133.088151605896
Deaths,Viet Nam,Both,15-49 years,Tuberculosis,Number,2018,3634.4704855348405,4735.671467686844,2629.270070080542
Deaths,Viet Nam,Both,50-69 years,Tuberculosis,Number,2018,5791.761381091087,7524.171111425599,4379.26842691011
Deaths,Viet Nam,Both,70+ years,Tuberculosis,Number,2018,9562.413210669512,11899.759858601741,7760.816591315276
Deaths,Nepal,Both,15-49 years,Tuberculosis,Number,2018,1909.1797150763225,2549.9441792173698,1301.2845469449767
Deaths,Nepal,Both,50-69 years,Tuberculosis,Number,2018,2932.9049250696476,3692.9702038915602,2177.3770828227093
Deaths,Nepal,Both,70+ years,Tuberculosis,Number,2018,2658.8947607773653,3341.894221722494,2053.141175444123
Deaths,Cambodia,Both,15-49 years,Tuberculosis,Number,2018,1660.650937503451,2310.1231983562175,1156.081035510097
Deaths,Cambodia,Both,50-69 years,Tuberculosis,Number,2018,2445.4520867786114,3419.1559931515662,1751.4368027110365
Deaths,Cambodia,Both,70+ years,Tuberculosis,Number,2018,1877.104390253709,2500.1120133054924,1371.4075515817544
Deaths,Bangladesh,Both,15-49 years,Tuberculosis,Number,2018,7347.919069480417,10112.284867257024,5565.912708952108
Deaths,Bangladesh,Both,50-69 years,Tuberculosis,Number,2018,10155.778279962196,13797.778124496852,7464.72976654148
Deaths,Bangladesh,Both,70+ years,Tuberculosis,Number,2018,11130.412249918805,15021.420181114054,8298.068120599326
Deaths,Nepal,Both,15-49 years,Drug-susceptible tuberculosis,Number,2018,1716.544579718386,2337.1933938140687,1106.0276849127422
Deaths,Nepal,Both,50-69 years,Drug-susceptible tuberculosis,Number,2018,2634.7247512329486,3367.788027607943,1846.4052110161222
Deaths,Nepal,Both,70+ years,Drug-susceptible tuberculosis,Number,2018,2388.596790566213,3096.7143600687277,1745.5662854930586
Deaths,Bangladesh,Both,15-49 years,Drug-susceptible tuberculosis,Number,2018,6759.532848899858,9306.056138254778,4927.780115935022
Deaths,Bangladesh,Both,50-69 years,Drug-susceptible tuberculosis,Number,2018,9341.46932171406,12923.226797372321,6672.602812446548
Deaths,Bangladesh,Both,70+ years,Drug-susceptible tuberculosis,Number,2018,10234.326177441275,14030.306375548102,7519.898150576187
Deaths,Cambodia,Both,15-49 years,Tuberculosis,Number,2019,1602.618843665186,2246.3378605865105,1117.2378422107927
Deaths,Cambodia,Both,50-69 years,Tuberculosis,Number,2019,2413.456069379068,3407.6564897802195,1686.6379238023594
Deaths,Cambodia,Both,70+ years,Tuberculosis,Number,2019,1857.0002918364014,2499.851968318186,1353.164778912092
Deaths,Viet Nam,Both,15-49 years,Drug-susceptible tuberculosis,Number,2018,3301.8484969366555,4390.17678346898,2311.5110228768563
Deaths,Viet Nam,Both,50-69 years,Drug-susceptible tuberculosis,Number,2018,5244.126365022469,6900.034247797473,3805.1902786706496
Deaths,Viet Nam,Both,70+ years,Drug-susceptible tuberculosis,Number,2018,8656.812764031056,10919.059234047152,6601.807667059192
Deaths,Philippines,Both,15-49 years,Drug-susceptible tuberculosis,Number,2018,8120.970680014424,10115.356432867718,6448.105371677637
Deaths,Philippines,Both,50-69 years,Drug-susceptible tuberculosis,Number,2018,11348.807527164216,14388.548207898559,8876.760458381046
Deaths,Philippines,Both,70+ years,Drug-susceptible tuberculosis,Number,2018,7165.567313012545,8663.676474353555,5825.638329423622
Deaths,Philippines,Both,15-49 years,Tuberculosis,Number,2019,8411.48376359966,10189.41972160621,6781.928051409128
Deaths,Philippines,Both,50-69 years,Tuberculosis,Number,2019,11968.92078041468,14889.205584939049,9422.92840105669
Deaths,Philippines,Both,70+ years,Tuberculosis,Number,2019,7604.741429645735,8823.300082279005,6351.2784602158445
Deaths,Viet Nam,Both,15-49 years,Tuberculosis,Number,2019,3480.9427503252678,4560.195836332236,2526.924702923093
Deaths,Viet Nam,Both,50-69 years,Tuberculosis,Number,2019,5780.721003379974,7481.663531544078,4255.4892584327135
Deaths,Viet Nam,Both,70+ years,Tuberculosis,Number,2019,9294.84797104383,11698.624422157882,7515.479438172753
Deaths,Philippines,Both,15-49 years,Tuberculosis,Number,2018,8685.928387972108,10618.98710215002,7094.363166207261
Deaths,Philippines,Both,50-69 years,Tuberculosis,Number,2018,12139.363153240529,15127.738325102522,9678.466409959357
Deaths,Philippines,Both,70+ years,Tuberculosis,Number,2018,7664.692133063528,9055.209677676357,6395.072811831927
Deaths,Bangladesh,Both,15-49 years,Tuberculosis,Number,2019,7043.520099456052,9765.888888872989,5290.553644317143
Deaths,Bangladesh,Both,50-69 years,Tuberculosis,Number,2019,9868.248745760693,13741.405872023744,7267.738669909996
Deaths,Bangladesh,Both,70+ years,Tuberculosis,Number,2019,11172.071094695324,15322.985600644655,8323.142510149562
Deaths,Cambodia,Both,15-49 years,Drug-susceptible tuberculosis,Number,2018,1630.1607096690796,2262.0548115450147,1133.7135417562117
Deaths,Cambodia,Both,50-69 years,Drug-susceptible tuberculosis,Number,2018,2400.283287583184,3305.9770023013175,1690.635996180147
Deaths,Cambodia,Both,70+ years,Drug-susceptible tuberculosis,Number,2018,1842.2833754364892,2464.086342846867,1349.1389797266083
Deaths,Philippines,Both,15-49 years,Drug-susceptible tuberculosis,Number,2019,7860.233738423613,9562.893828072147,6248.894209290792
Deaths,Philippines,Both,50-69 years,Drug-susceptible tuberculosis,Number,2019,11183.300705885462,13993.236446409725,8615.412288718466
Deaths,Philippines,Both,70+ years,Drug-susceptible tuberculosis,Number,2019,7106.215940273741,8393.8486705035,5771.6231942179165
Deaths,Viet Nam,Both,15-49 years,Drug-susceptible tuberculosis,Number,2019,3160.3593381790415,4168.023872200066,2242.6973571616227
Deaths,Viet Nam,Both,50-69 years,Drug-susceptible tuberculosis,Number,2019,5231.476012047178,6966.668837823483,3708.1719302196193
Deaths,Viet Nam,Both,70+ years,Drug-susceptible tuberculosis,Number,2019,8410.408489877587,10670.943390096729,6293.190912066001
Deaths,Nepal,Both,15-49 years,Tuberculosis,Number,2019,1844.0020221246673,2455.980429301013,1298.0455182009068
Deaths,Nepal,Both,50-69 years,Tuberculosis,Number,2019,2858.2220466958065,3591.0643726983717,2101.2100832988754
Deaths,Nepal,Both,70+ years,Tuberculosis,Number,2019,2640.2003335205686,3343.0827952482286,2047.6607066183763
Deaths,Cambodia,Both,15-49 years,Drug-susceptible tuberculosis,Number,2019,1572.1833363797252,2196.5794988825332,1094.4063450128008
Deaths,Cambodia,Both,50-69 years,Drug-susceptible tuberculosis,Number,2019,2367.4432453500403,3310.164931176722,1636.0954925798726
Deaths,Cambodia,Both,70+ years,Drug-susceptible tuberculosis,Number,2019,1821.4714166455497,2450.6172082828202,1331.781323188193
Deaths,Bangladesh,Both,15-49 years,Drug-susceptible tuberculosis,Number,2019,6459.681478883552,9099.96942139444,4674.082473097051
Deaths,Bangladesh,Both,50-69 years,Drug-susceptible tuberculosis,Number,2019,9050.44737886645,12782.579955518924,6381.865581932403
Deaths,Bangladesh,Both,70+ years,Drug-susceptible tuberculosis,Number,2019,10241.656346122918,14206.09866445692,7466.280866183644
Deaths,Nepal,Both,15-49 years,Drug-susceptible tuberculosis,Number,2019,1652.2549305882524,2287.405271423826,1081.2428514301332
Deaths,Nepal,Both,50-69 years,Drug-susceptible tuberculosis,Number,2019,2558.8454672681096,3329.0170070661025,1784.2782217998388
Deaths,Nepal,Both,70+ years,Drug-susceptible tuberculosis,Number,2019,2363.2782071515658,3104.745824630534,1686.301508221387
Prevalence,Bangladesh,Both,15-49 years,Tuberculosis,Number,2010,8194142.654520637,9798063.397108985,6855899.991082134
Prevalence,Bangladesh,Both,50-69 years,Tuberculosis,Number,2010,1644122.8570194764,2109952.473303819,1283674.2910236192
Prevalence,Bangladesh,Both,70+ years,Tuberculosis,Number,2010,385099.203135679,494755.9032669597,287307.5024782895
Prevalence,Bangladesh,Both,15-49 years,Drug-susceptible tuberculosis,Number,2010,204373.41436943185,254076.7376772856,161875.37816718256
Prevalence,Bangladesh,Both,50-69 years,Drug-susceptible tuberculosis,Number,2010,71550.22124640012,94631.20086565506,53705.63918123591
Prevalence,Bangladesh,Both,70+ years,Drug-susceptible tuberculosis,Number,2010,42473.37521422571,57038.28958405695,30092.296317481283
Prevalence,Cambodia,Both,15-49 years,Tuberculosis,Number,2010,3221490.7015327946,3710181.6152172834,2759512.856195815
Prevalence,Cambodia,Both,50-69 years,Tuberculosis,Number,2010,711903.8709140809,839514.5806754815,591355.2273373314
Prevalence,Cambodia,Both,70+ years,Tuberculosis,Number,2010,181095.19032715884,220065.88495605858,142250.49567541486
Prevalence,Viet Nam,Both,15-49 years,Tuberculosis,Number,2010,26237963.941073295,28472318.852081858,23745832.85983893
Prevalence,Viet Nam,Both,50-69 years,Tuberculosis,Number,2010,6117978.823775668,6692369.996680794,5372606.396462042
Prevalence,Viet Nam,Both,70+ years,Tuberculosis,Number,2010,2077568.4746033386,2227445.0947381738,1838181.4361851173
Prevalence,Cambodia,Both,15-49 years,Tuberculosis,Number,2011,3256165.816161699,3742192.2989166817,2793680.177717022
Prevalence,Cambodia,Both,50-69 years,Tuberculosis,Number,2011,741024.3189811044,872385.7685956602,612596.4999539262
Prevalence,Cambodia,Both,70+ years,Tuberculosis,Number,2011,186723.19852913535,226302.69181958155,147186.16452728343
Prevalence,Nepal,Both,15-49 years,Drug-susceptible tuberculosis,Number,2011,43533.61921787947,53959.99464840456,34963.94776557278
Prevalence,Nepal,Both,50-69 years,Drug-susceptible tuberculosis,Number,2011,19263.115130347454,25720.307843654715,14566.757322585216
Prevalence,Nepal,Both,70+ years,Drug-susceptible tuberculosis,Number,2011,10506.696991836503,13995.682998634249,7684.042697604511
Prevalence,Nepal,Both,15-49 years,Drug-susceptible tuberculosis,Number,2010,44837.21883750134,55719.71672635204,35688.67442644572
Prevalence,Nepal,Both,50-69 years,Drug-susceptible tuberculosis,Number,2010,19360.77146623107,25802.80614653272,14612.91966527363
Prevalence,Nepal,Both,70+ years,Drug-susceptible tuberculosis,Number,2010,10456.69255582358,13871.476198905802,7659.127313621633
Prevalence,Viet Nam,Both,15-49 years,Drug-susceptible tuberculosis,Number,2011,93939.82159507782,108378.77992284765,79135.07265418755
Prevalence,Viet Nam,Both,50-69 years,Drug-susceptible tuberculosis,Number,2011,23866.515826448558,28340.781011917486,20061.313330123023
Prevalence,Viet Nam,Both,70+ years,Drug-susceptible tuberculosis,Number,2011,31027.22672981312,35923.63287858688,26036.91166163533
Prevalence,Viet Nam,Both,15-49 years,Drug-susceptible tuberculosis,Number,2010,94162.25861309974,109314.06188411353,79666.32787278021
Prevalence,Viet Nam,Both,50-69 years,Drug-susceptible tuberculosis,Number,2010,23036.385614910043,27511.780245388636,19397.89791876166
Prevalence,Viet Nam,Both,70+ years,Drug-susceptible tuberculosis,Number,2010,30887.0721363161,35915.66017649905,25768.178726286067
Prevalence,Cambodia,Both,15-49 years,Drug-susceptible tuberculosis,Number,2010,47249.574447343824,57561.970865127536,37782.83383449139
Prevalence,Cambodia,Both,50-69 years,Drug-susceptible tuberculosis,Number,2010,11809.798215589544,15009.104763030833,9258.638599583472
Prevalence,Cambodia,Both,70+ years,Drug-susceptible tuberculosis,Number,2010,9712.411858681031,12344.292506929854,7230.771712471936
Prevalence,Cambodia,Both,15-49 years,Drug-susceptible tuberculosis,Number,2011,47006.535642224735,57056.77592389882,37906.05794824466
Prevalence,Cambodia,Both,50-69 years,Drug-susceptible tuberculosis,Number,2011,11995.994792475925,15220.386605194335,9420.29179488199
Prevalence,Cambodia,Both,70+ years,Drug-susceptible tuberculosis,Number,2011,9905.01774524913,12560.080173869415,7378.979568851377
Prevalence,Nepal,Both,15-49 years,Tuberculosis,Number,2010,2534254.9152704333,3045879.434380456,2104797.842196713
Prevalence,Nepal,Both,50-69 years,Tuberculosis,Number,2010,569336.6387120583,725219.8039379272,440822.94007328805
Prevalence,Nepal,Both,70+ years,Tuberculosis,Number,2010,124112.12320118556,158151.65885438304,96381.46618884988
Prevalence,Nepal,Both,15-49 years,Tuberculosis,Number,2011,2489831.110505764,2991571.9826729354,2064978.6724441487
Prevalence,Nepal,Both,50-69 years,Tuberculosis,Number,2011,567749.7946161813,722078.2817474379,442005.58130507125
Prevalence,Nepal,Both,70+ years,Tuberculosis,Number,2011,124895.95549210274,159450.9233608372,96305.50501109191
Prevalence,Bangladesh,Both,15-49 years,Tuberculosis,Number,2011,7990469.342935879,9524804.740881328,6718832.412177393
Prevalence,Bangladesh,Both,50-69 years,Tuberculosis,Number,2011,1651086.2128857286,2110797.660707492,1290521.76875275
Prevalence,Bangladesh,Both,70+ years,Tuberculosis,Number,2011,391552.18974821136,505273.7174493145,294764.0406461335
Prevalence,Viet Nam,Both,15-49 years,Tuberculosis,Number,2012,26413635.35174491,28640539.207686875,23814155.94299147
Prevalence,Viet Nam,Both,50-69 years,Tuberculosis,Number,2012,6822969.254178899,7451969.991269204,6040635.252690887
Prevalence,Viet Nam,Both,70+ years,Tuberculosis,Number,2012,2110811.989784399,2258342.375363405,1868458.875918509
Prevalence,Philippines,Both,15-49 years,Tuberculosis,Number,2011,21929023.83391987,24789131.97825029,19117714.12360506
Prevalence,Philippines,Both,50-69 years,Tuberculosis,Number,2011,5027858.563510174,5853397.916404104,4170086.5125864814
Prevalence,Philippines,Both,70+ years,Tuberculosis,Number,2011,1251597.0865614822,1447209.9179322724,1021208.3436925479
Prevalence,Bangladesh,Both,15-49 years,Drug-susceptible tuberculosis,Number,2011,198569.15660273586,246086.05687010277,159363.7278201139
Prevalence,Bangladesh,Both,50-69 years,Drug-susceptible tuberculosis,Number,2011,71702.9929614429,94066.3655863574,54142.64541925012
Prevalence,Bangladesh,Both,70+ years,Drug-susceptible tuberculosis,Number,2011,43196.69704069891,57648.02040328996,30860.538613387747
Prevalence,Philippines,Both,15-49 years,Tuberculosis,Number,2010,21403345.784876443,24230768.347593535,18627652.01087298
Prevalence,Philippines,Both,50-69 years,Tuberculosis,Number,2010,4813287.778674442,5615142.13683721,3988543.0880322354
Prevalence,Philippines,Both,70+ years,Tuberculosis,Number,2010,1201191.985185597,1394333.928288008,975407.7321054456
Prevalence,Philippines,Both,15-49 years,Drug-susceptible tuberculosis,Number,2011,199430.50467708963,238939.28060469613,162308.59956586518
Prevalence,Philippines,Both,50-69 years,Drug-susceptible tuberculosis,Number,2011,53861.79124478473,66671.1438575046,42948.03868995508
Prevalence,Philippines,Both,70+ years,Drug-susceptible tuberculosis,Number,2011,32969.32146457933,40517.84753574363,25303.928024997727
Prevalence,Philippines,Both,15-49 years,Drug-susceptible tuberculosis,Number,2010,196432.6080260076,236418.41935278743,159437.24064575142
Prevalence,Philippines,Both,50-69 years,Drug-susceptible tuberculosis,Number,2010,51122.2876474893,63074.50428764712,40636.79045082038
Prevalence,Philippines,Both,70+ years,Drug-susceptible tuberculosis,Number,2010,31394.61995212487,38637.53425115347,23931.79735902802
Prevalence,Viet Nam,Both,15-49 years,Tuberculosis,Number,2011,26351152.41797702,28636397.504772894,23799589.96087198
Prevalence,Viet Nam,Both,50-69 years,Tuberculosis,Number,2011,6466610.006650748,7057264.8649331005,5705335.5101844715
Prevalence,Viet Nam,Both,70+ years,Tuberculosis,Number,2011,2096159.0284642912,2247399.32803789,1859895.3564185002
Prevalence,Cambodia,Both,15-49 years,Tuberculosis,Number,2012,3278579.6610511653,3760887.093602075,2810752.611020449
Prevalence,Cambodia,Both,50-69 years,Tuberculosis,Number,2012,767809.9776130607,905102.3563173576,632854.2514140753
Prevalence,Cambodia,Both,70+ years,Tuberculosis,Number,2012,191388.08096743267,232474.77144875654,150900.44268763598
Prevalence,Philippines,Both,15-49 years,Tuberculosis,Number,2012,22453013.954846002,25369878.549728956,19592439.527166385
Prevalence,Philippines,Both,50-69 years,Tuberculosis,Number,2012,5247200.661852709,6103786.667613534,4356902.618326468
Prevalence,Philippines,Both,70+ years,Tuberculosis,Number,2012,1301130.2821574465,1499587.626112623,1066056.63749041
Prevalence,Philippines,Both,15-49 years,Drug-susceptible tuberculosis,Number,2012,202361.3106325173,242078.9855456108,165784.39032315844
Prevalence,Philippines,Both,50-69 years,Drug-susceptible tuberculosis,Number,2012,57709.98264960576,71244.24411053983,46005.92636350019
Prevalence,Philippines,Both,70+ years,Drug-susceptible tuberculosis,Number,2012,35382.15005796352,43444.583431476014,27328.2189099817
Prevalence,Cambodia,Both,15-49 years,Drug-susceptible tuberculosis,Number,2012,46221.06153394257,56235.586029542406,37414.3652985911
Prevalence,Cambodia,Both,50-69 years,Drug-susceptible tuberculosis,Number,2012,11996.378332776676,15228.352761947452,9467.000468542332
Prevalence,Cambodia,Both,70+ years,Drug-susceptible tuberculosis,Number,2012,9990.546916671894,12689.658834061649,7480.4857986275065
Prevalence,Viet Nam,Both,15-49 years,Drug-susceptible tuberculosis,Number,2012,92938.79470424015,106995.5554992154,78885.88151089258
Prevalence,Viet Nam,Both,50-69 years,Drug-susceptible tuberculosis,Number,2012,24286.485885083603,28711.42904801463,20438.196037179645
Prevalence,Viet Nam,Both,70+ years,Drug-susceptible tuberculosis,Number,2012,31094.35077762497,35839.16960689992,26178.588744338103
Prevalence,Nepal,Both,15-49 years,Drug-susceptible tuberculosis,Number,2012,42103.16346167676,52125.46507047888,33917.34657224888
Prevalence,Nepal,Both,50-69 years,Drug-susceptible tuberculosis,Number,2012,19091.253426175455,25457.114818761627,14413.285288072044
Prevalence,Nepal,Both,70+ years,Drug-susceptible tuberculosis,Number,2012,10554.05780643798,13976.26487376952,7704.554644177785
Prevalence,Bangladesh,Both,15-49 years,Tuberculosis,Number,2012,7797522.442761973,9278620.636557758,6565911.576830134
Prevalence,Bangladesh,Both,50-69 years,Tuberculosis,Number,2012,1657393.852834393,2120222.5860768347,1283334.2712697308
Prevalence,Bangladesh,Both,70+ years,Tuberculosis,Number,2012,401663.20568200207,517468.7388439617,303248.8766267832
Prevalence,Bangladesh,Both,15-49 years,Drug-susceptible tuberculosis,Number,2012,193112.55880101564,237732.17513259256,155781.62818579358
Prevalence,Bangladesh,Both,50-69 years,Drug-susceptible tuberculosis,Number,2012,71885.39433663053,94395.25666774028,54605.222736816264
Prevalence,Bangladesh,Both,70+ years,Drug-susceptible tuberculosis,Number,2012,44357.42106716986,58807.79124547354,31957.911343165513
Prevalence,Nepal,Both,15-49 years,Tuberculosis,Number,2012,2452722.561494693,2942149.69711878,2043443.0098537772
Prevalence,Nepal,Both,50-69 years,Tuberculosis,Number,2012,564837.3579878546,724933.2780470453,438860.83336722315
Prevalence,Nepal,Both,70+ years,Tuberculosis,Number,2012,125671.75257980698,160719.87254380778,95809.04309102493
Prevalence,Philippines,Both,15-49 years,Drug-susceptible tuberculosis,Number,2013,205387.91851686855,244952.90724727476,168653.97101479364
Prevalence,Philippines,Both,50-69 years,Drug-susceptible tuberculosis,Number,2013,62340.74501769232,76714.98187896804,49968.27032155506
Prevalence,Philippines,Both,70+ years,Drug-susceptible tuberculosis,Number,2013,38036.175757315956,46703.666187711126,29420.117398769708
Prevalence,Cambodia,Both,15-49 years,Tuberculosis,Number,2014,3295034.3642347497,3843351.858744809,2797045.143453646
Prevalence,Cambodia,Both,50-69 years,Tuberculosis,Number,2014,821137.4578298263,986651.0539954063,669594.653664632
Prevalence,Cambodia,Both,70+ years,Tuberculosis,Number,2014,198276.042653338,242490.62733713357,155498.43860692883
Prevalence,Philippines,Both,15-49 years,Tuberculosis,Number,2014,23493039.90482663,26455922.078522786,20415745.471458796
Prevalence,Philippines,Both,50-69 years,Tuberculosis,Number,2014,5703598.147433441,6624169.81823151,4756764.3653866565
Prevalence,Philippines,Both,70+ years,Tuberculosis,Number,2014,1390684.7076297393,1593811.8303312436,1144230.593062818
Prevalence,Philippines,Both,15-49 years,Tuberculosis,Number,2013,22974759.903337102,25911069.887891687,20008707.01378026
Prevalence,Philippines,Both,50-69 years,Tuberculosis,Number,2013,5474460.96299813,6359366.921953938,4552078.113968439
Prevalence,Philippines,Both,70+ years,Tuberculosis,Number,2013,1346186.5365280285,1546053.4838342527,1105607.1241671122
Prevalence,Philippines,Both,15-49 years,Drug-susceptible tuberculosis,Number,2014,208615.4866324191,249286.22643720152,172207.8111475955
Prevalence,Philippines,Both,50-69 years,Drug-susceptible tuberculosis,Number,2014,67082.50138598602,82604.66681032616,53921.76328352841
Prevalence,Philippines,Both,70+ years,Drug-susceptible tuberculosis,Number,2014,40473.01386046629,49828.36925708621,31245.925302857042
Prevalence,Viet Nam,Both,15-49 years,Drug-susceptible tuberculosis,Number,2014,90207.05586719795,104293.1007055762,76203.46773731666
Prevalence,Viet Nam,Both,50-69 years,Drug-susceptible tuberculosis,Number,2014,24777.97874288673,29363.399910522086,20888.090328291823
Prevalence,Viet Nam,Both,70+ years,Drug-susceptible tuberculosis,Number,2014,31255.925050096608,36135.494039291974,26342.91702087859
Prevalence,Viet Nam,Both,15-49 years,Tuberculosis,Number,2013,26434509.265197814,28703290.155200165,23813694.10979559
Prevalence,Viet Nam,Both,50-69 years,Tuberculosis,Number,2013,7181437.505860032,7862774.384617867,6340137.450117719
Prevalence,Viet Nam,Both,70+ years,Tuberculosis,Number,2013,2123606.5650398415,2272127.753207825,1885661.1055305598
Prevalence,Bangladesh,Both,15-49 years,Tuberculosis,Number,2014,7424822.506508511,8790286.974343773,6223752.190235413
Prevalence,Bangladesh,Both,50-69 years,Tuberculosis,Number,2014,1668679.952880907,2143166.745478665,1287974.930786746
Prevalence,Bangladesh,Both,70+ years,Tuberculosis,Number,2014,422670.6416443299,545198.6740823021,319745.99381228234
Prevalence,Bangladesh,Both,15-49 years,Drug-susceptible tuberculosis,Number,2014,182966.83298077344,225602.03095673793,148072.92880256654
Prevalence,Bangladesh,Both,50-69 years,Drug-susceptible tuberculosis,Number,2014,72400.6406894399,94189.02949692892,55183.28558758884
Prevalence,Bangladesh,Both,70+ years,Drug-susceptible tuberculosis,Number,2014,46867.83868795176,61409.51723438184,34004.94461135644
Prevalence,Nepal,Both,15-49 years,Tuberculosis,Number,2013,2419111.43129539,2898190.3529870994,2015041.5262431437
Prevalence,Nepal,Both,50-69 years,Tuberculosis,Number,2013,561124.3558196933,718112.633021103,436931.952994523
Prevalence,Nepal,Both,70+ years,Tuberculosis,Number,2013,126280.06584212677,162146.05160345588,96284.56104630472
Prevalence,Cambodia,Both,15-49 years,Drug-susceptible tuberculosis,Number,2013,45179.1111678811,55270.70998422492,36431.445886149486
Prevalence,Cambodia,Both,50-69 years,Drug-susceptible tuberculosis,Number,2013,11968.140893756177,15172.708314984222,9392.869849861661
Prevalence,Cambodia,Both,70+ years,Drug-susceptible tuberculosis,Number,2013,9986.642404440172,12642.386469018766,7466.404165497461
Prevalence,Bangladesh,Both,15-49 years,Tuberculosis,Number,2013,7610659.949453086,9032871.088051297,6409113.66763246
Prevalence,Bangladesh,Both,50-69 years,Tuberculosis,Number,2013,1663452.8247884149,2137938.887944853,1283128.8817593583
Prevalence,Bangladesh,Both,70+ years,Tuberculosis,Number,2013,412733.5969209999,532301.9301140844,313501.51800216816
Prevalence,Viet Nam,Both,15-49 years,Tuberculosis,Number,2014,26423412.1783313,28746971.746430427,23775853.53914995
Prevalence,Viet Nam,Both,50-69 years,Tuberculosis,Number,2014,7538959.808660092,8256662.111331636,6653429.919152876
Prevalence,Viet Nam,Both,70+ years,Tuberculosis,Number,2014,2136586.874540792,2286253.986388342,1895470.0469675034
Prevalence,Cambodia,Both,15-49 years,Tuberculosis,Number,2013,3290547.264932819,3798255.692253853,2816632.350283801
Prevalence,Cambodia,Both,50-69 years,Tuberculosis,Number,2013,794247.9691512348,947162.2248856999,650870.0447331693
Prevalence,Cambodia,Both,70+ years,Tuberculosis,Number,2013,194866.6239932795,238138.0382009868,153271.44166889688
Prevalence,Viet Nam,Both,15-49 years,Drug-susceptible tuberculosis,Number,2013,91569.2737566353,105566.89133560036,77464.67578962713
Prevalence,Viet Nam,Both,50-69 years,Drug-susceptible tuberculosis,Number,2013,24501.28044289386,28879.84950091003,20657.761620490284
Prevalence,Viet Nam,Both,70+ years,Drug-susceptible tuberculosis,Number,2013,31150.925823488502,35935.92722937942,26256.11501430343
Prevalence,Bangladesh,Both,15-49 years,Drug-susceptible tuberculosis,Number,2013,187936.99024841402,231530.83531215505,151906.37801337964
Prevalence,Bangladesh,Both,50-69 years,Drug-susceptible tuberculosis,Number,2013,72124.34424665252,93890.56420286959,55036.11651540446
Prevalence,Bangladesh,Both,70+ years,Drug-susceptible tuberculosis,Number,2013,45660.71163250579,60310.553060136386,33173.9617955517
Prevalence,Cambodia,Both,15-49 years,Drug-susceptible tuberculosis,Number,2014,44167.75921761243,54130.47854492193,35469.3529768266
Prevalence,Cambodia,Both,50-69 years,Drug-susceptible tuberculosis,Number,2014,11939.3241764895,15250.006485890173,9223.885177926259
Prevalence,Cambodia,Both,70+ years,Drug-susceptible tuberculosis,Number,2014,9974.33544373348,12617.665472594483,7400.654339210164
Prevalence,Nepal,Both,15-49 years,Tuberculosis,Number,2014,2384943.5398509325,2866442.8405733663,1987397.7612823963
Prevalence,Nepal,Both,50-69 years,Tuberculosis,Number,2014,556969.417090492,710599.0640834579,432397.50934284757
Prevalence,Nepal,Both,70+ years,Tuberculosis,Number,2014,126784.23521123949,163187.970845135,95847.59891174405
Prevalence,Nepal,Both,15-49 years,Drug-susceptible tuberculosis,Number,2013,40640.020600386386,50330.24302533184,32831.97709163883
Prevalence,Nepal,Both,50-69 years,Drug-susceptible tuberculosis,Number,2013,18903.526240148036,25315.743284107128,14306.695799543057
Prevalence,Nepal,Both,70+ years,Drug-susceptible tuberculosis,Number,2013,10596.668757417747,14025.087701861707,7711.594739739985
Prevalence,Nepal,Both,15-49 years,Drug-susceptible tuberculosis,Number,2014,39245.321837363554,48572.26294386725,31582.66858666176
Prevalence,Nepal,Both,50-69 years,Drug-susceptible tuberculosis,Number,2014,18755.971559587542,24970.848507801547,14172.890722883654
Prevalence,Nepal,Both,70+ years,Drug-susceptible tuberculosis,Number,2014,10653.297720369243,14029.774336118086,7766.326034487275
Prevalence,Cambodia,Both,15-49 years,Tuberculosis,Number,2016,3296710.445154201,3848408.707481648,2791899.7938190536
Prevalence,Cambodia,Both,50-69 years,Tuberculosis,Number,2016,875643.3023937502,1052211.587351291,712533.2545067277
Prevalence,Cambodia,Both,70+ years,Tuberculosis,Number,2016,205465.95266999275,253339.65248044705,158565.75105979064
Prevalence,Viet Nam,Both,15-49 years,Tuberculosis,Number,2015,26392866.936071876,28766700.76041768,23740575.526634283
Prevalence,Viet Nam,Both,50-69 years,Tuberculosis,Number,2015,7895052.099921752,8674695.982360965,6941613.631927454
Prevalence,Viet Nam,Both,70+ years,Tuberculosis,Number,2015,2151308.326778165,2307192.1792148342,1903046.0379373084
Prevalence,Bangladesh,Both,15-49 years,Tuberculosis,Number,2016,7044831.611152601,8301073.044887068,5917932.318276725
Prevalence,Bangladesh,Both,50-69 years,Tuberculosis,Number,2016,1677826.5991508255,2151769.7514159977,1294090.5502113034
Prevalence,Bangladesh,Both,70+ years,Tuberculosis,Number,2016,438207.38735435414,557444.2181468249,334197.19150224887
Prevalence,Viet Nam,Both,15-49 years,Drug-susceptible tuberculosis,Number,2016,90123.0646668068,103166.87247262565,76295.93896012311
Prevalence,Viet Nam,Both,50-69 years,Drug-susceptible tuberculosis,Number,2016,26648.579495456772,31393.918971475083,22560.66305775875
Prevalence,Viet Nam,Both,70+ years,Drug-susceptible tuberculosis,Number,2016,32068.54661074044,36979.752746724094,26972.80472849518
Prevalence,Viet Nam,Both,15-49 years,Tuberculosis,Number,2016,26301281.918065522,28554788.66805323,23729944.332588993
Prevalence,Viet Nam,Both,50-69 years,Tuberculosis,Number,2016,8229238.126475529,9018299.613356318,7225606.247814963
Prevalence,Viet Nam,Both,70+ years,Tuberculosis,Number,2016,2167500.5682776575,2321970.0420938404,1912469.0697055797
Prevalence,Cambodia,Both,15-49 years,Drug-susceptible tuberculosis,Number,2016,44133.346860634745,53745.9086069048,35713.80782395539
Prevalence,Cambodia,Both,50-69 years,Drug-susceptible tuberculosis,Number,2016,12376.634780440896,15804.531391209206,9595.775141625008
Prevalence,Cambodia,Both,70+ years,Drug-susceptible tuberculosis,Number,2016,10008.640108691237,12789.154273312919,7482.253882254883
Prevalence,Bangladesh,Both,15-49 years,Tuberculosis,Number,2015,7234481.2373324325,8586394.755361157,6033076.96651066
Prevalence,Bangladesh,Both,50-69 years,Tuberculosis,Number,2015,1673877.1858982285,2154597.044015897,1288292.3427748093
Prevalence,Bangladesh,Both,70+ years,Tuberculosis,Number,2015,430283.277513909,558395.1522603296,324883.6374392748
Prevalence,Bangladesh,Both,15-49 years,Drug-susceptible tuberculosis,Number,2016,172747.27457161865,213062.15218526794,139991.78965640953
Prevalence,Bangladesh,Both,50-69 years,Drug-susceptible tuberculosis,Number,2016,72990.02002790928,94711.92147456882,55641.37506497328
Prevalence,Bangladesh,Both,70+ years,Drug-susceptible tuberculosis,Number,2016,48992.75215775909,64036.34231462706,35717.614076441576
Prevalence,Cambodia,Both,15-49 years,Drug-susceptible tuberculosis,Number,2015,43484.87371593064,53357.8265753065,34805.5566305923
Prevalence,Cambodia,Both,50-69 years,Drug-susceptible tuberculosis,Number,2015,12062.154218710932,15500.808844117098,9226.309176439607
Prevalence,Cambodia,Both,70+ years,Drug-susceptible tuberculosis,Number,2015,10001.658199994568,12753.813050970273,7382.113002959182
Prevalence,Bangladesh,Both,15-49 years,Drug-susceptible tuberculosis,Number,2015,178117.2102053951,220799.76293696047,143406.19207528594
Prevalence,Bangladesh,Both,50-69 years,Drug-susceptible tuberculosis,Number,2015,72725.84669332502,94651.3341057192,55392.00717093885
Prevalence,Bangladesh,Both,70+ years,Drug-susceptible tuberculosis,Number,2015,47876.64884858301,62716.802143919136,34661.78325649352
Prevalence,Viet Nam,Both,15-49 years,Drug-susceptible tuberculosis,Number,2015,89213.42810912654,102839.40205154773,75058.35010689558
Prevalence,Viet Nam,Both,50-69 years,Drug-susceptible tuberculosis,Number,2015,25351.05380621676,30155.590702216115,21214.642497837467
Prevalence,Viet Nam,Both,70+ years,Drug-susceptible tuberculosis,Number,2015,31458.419135918393,36581.25352232038,26467.517389180677
Prevalence,Nepal,Both,15-49 years,Tuberculosis,Number,2015,2345715.6129804202,2826216.4821259766,1949270.6505476686
Prevalence,Nepal,Both,50-69 years,Tuberculosis,Number,2015,552593.970896915,704205.39840359,428298.975595081
Prevalence,Nepal,Both,70+ years,Tuberculosis,Number,2015,127200.78255475202,164446.22719375347,96122.3565058018
Prevalence,Cambodia,Both,15-49 years,Tuberculosis,Number,2015,3297020.893602079,3856686.924635412,2781250.2501782477
Prevalence,Cambodia,Both,50-69 years,Tuberculosis,Number,2015,848981.3742167437,1023916.1208693654,691203.8299830281
Prevalence,Cambodia,Both,70+ years,Tuberculosis,Number,2015,201943.57575642067,249459.89855019507,156743.03463279686
Prevalence,Nepal,Both,15-49 years,Tuberculosis,Number,2016,2299477.3504971047,2736594.91431357,1916182.4659880623
Prevalence,Nepal,Both,50-69 years,Tuberculosis,Number,2016,548535.9561713882,691207.2037868351,428670.7882179922
Prevalence,Nepal,Both,70+ years,Tuberculosis,Number,2016,127650.57118508706,161699.77030365868,96764.09506250036
Prevalence,Philippines,Both,15-49 years,Tuberculosis,Number,2016,24535381.99653306,27602027.564360756,21309311.36643185
Prevalence,Philippines,Both,50-69 years,Tuberculosis,Number,2016,6149772.526581329,7114370.077166194,5146030.3607522305
Prevalence,Philippines,Both,70+ years,Tuberculosis,Number,2016,1485548.8232335257,1690260.1342315434,1227174.2185962554
Prevalence,Philippines,Both,15-49 years,Tuberculosis,Number,2015,24005473.697472513,26998926.467691112,20881265.42333244
Prevalence,Philippines,Both,50-69 years,Tuberculosis,Number,2015,5928954.258565646,6868412.493095691,4954382.498099735
Prevalence,Philippines,Both,70+ years,Tuberculosis,Number,2015,1436559.3375196247,1639910.9973470112,1183579.5928888402
Prevalence,Philippines,Both,15-49 years,Drug-susceptible tuberculosis,Number,2016,215218.84533565555,254785.74995451223,178455.26578521176
Prevalence,Philippines,Both,50-69 years,Drug-susceptible tuberculosis,Number,2016,73586.64824017131,90211.78760902477,59235.74015514515
Prevalence,Philippines,Both,70+ years,Drug-susceptible tuberculosis,Number,2016,42183.114325556264,51901.03369722444,32764.434547197838
Prevalence,Philippines,Both,15-49 years,Drug-susceptible tuberculosis,Number,2015,212094.42448843794,253925.711783377,175628.80036654446
Prevalence,Philippines,Both,50-69 years,Drug-susceptible tuberculosis,Number,2015,71198.29762703026,87614.0362908733,57118.219166894
Prevalence,Philippines,Both,70+ years,Drug-susceptible tuberculosis,Number,2015,42136.031359435416,52049.82993191779,32453.222081184627
Prevalence,Nepal,Both,15-49 years,Drug-susceptible tuberculosis,Number,2016,36881.46271054694,45581.74914974438,30002.916012178106
Prevalence,Nepal,Both,50-69 years,Drug-susceptible tuberculosis,Number,2016,18766.319211756265,24585.424832503977,14262.130365243782
Prevalence,Nepal,Both,70+ years,Drug-susceptible tuberculosis,Number,2016,10886.556491487529,14240.736335002499,7979.94788035061
Prevalence,Nepal,Both,15-49 years,Drug-susceptible tuberculosis,Number,2015,38024.69484502438,47090.00567626425,30627.00192486471
Prevalence,Nepal,Both,50-69 years,Drug-susceptible tuberculosis,Number,2015,18704.98568059852,24959.750385013976,14142.464178521428
Prevalence,Nepal,Both,70+ years,Drug-susceptible tuberculosis,Number,2015,10736.756624356478,14089.128499796996,7812.562047279571
Prevalence,Nepal,Both,15-49 years,Tuberculosis,Number,2017,2251230.908751616,2706998.332985481,1860830.1193156408
Prevalence,Nepal,Both,50-69 years,Tuberculosis,Number,2017,544059.7738702806,689542.4934775446,427433.1996873233
Prevalence,Nepal,Both,70+ years,Tuberculosis,Number,2017,127869.16477494412,162437.33358919623,97069.55097969351
Prevalence,Philippines,Both,15-49 years,Tuberculosis,Number,2018,25517166.09600129,28699094.75126162,22247474.922643125
Prevalence,Philippines,Both,50-69 years,Tuberculosis,Number,2018,6603073.814474734,7607592.24790226,5544620.949991761
Prevalence,Philippines,Both,70+ years,Tuberculosis,Number,2018,1608307.8792631025,1822595.562844089,1334754.60993825
Prevalence,Nepal,Both,15-49 years,Drug-susceptible tuberculosis,Number,2018,35099.79095544531,43506.61266371749,28251.27555065068
Prevalence,Nepal,Both,50-69 years,Drug-susceptible tuberculosis,Number,2018,18429.961033152715,24228.46573985165,13945.370809254046
Prevalence,Nepal,Both,70+ years,Drug-susceptible tuberculosis,Number,2018,10858.214616276544,14317.095732068334,7880.601336457473
Prevalence,Cambodia,Both,15-49 years,Tuberculosis,Number,2017,3299094.488732892,3867983.0909334146,2784573.1467911103
Prevalence,Cambodia,Both,50-69 years,Tuberculosis,Number,2017,901188.1344776863,1084502.1192948048,729378.3438604733
Prevalence,Cambodia,Both,70+ years,Tuberculosis,Number,2017,209462.64254792387,259680.43458207612,160807.58905701205
Prevalence,Cambodia,Both,15-49 years,Drug-susceptible tuberculosis,Number,2017,45204.49835094484,54851.81121964446,36788.78420517477
Prevalence,Cambodia,Both,50-69 years,Drug-susceptible tuberculosis,Number,2017,12823.899274300382,16353.850900852254,9958.503196415944
Prevalence,Cambodia,Both,70+ years,Drug-susceptible tuberculosis,Number,2017,10143.568878842107,13037.90429690078,7594.944696168541
Prevalence,Philippines,Both,15-49 years,Drug-susceptible tuberculosis,Number,2018,221728.7141877082,263423.7639443581,183813.0167826579
Prevalence,Philippines,Both,50-69 years,Drug-susceptible tuberculosis,Number,2018,78023.23307681266,95586.64676845794,63128.638976267925
Prevalence,Philippines,Both,70+ years,Drug-susceptible tuberculosis,Number,2018,44832.6002219267,55064.152879841684,35026.67063244755
Prevalence,Nepal,Both,15-49 years,Drug-susceptible tuberculosis,Number,2017,35923.17933493735,44659.16607084901,28542.13948928304
Prevalence,Nepal,Both,50-69 years,Drug-susceptible tuberculosis,Number,2017,18778.09690161555,24464.252190378193,14161.12174500676
Prevalence,Nepal,Both,70+ years,Drug-susceptible tuberculosis,Number,2017,11005.42295585581,14494.3012517419,7897.764455339536
Prevalence,Philippines,Both,15-49 years,Tuberculosis,Number,2017,25046554.70871698,28212402.823458776,21841412.37598574
Prevalence,Philippines,Both,50-69 years,Tuberculosis,Number,2017,6373382.122448382,7356156.140106589,5350503.468485085
Prevalence,Philippines,Both,70+ years,Tuberculosis,Number,2017,1539158.8908095248,1747236.374651816,1278469.863205441
Prevalence,Philippines,Both,15-49 years,Drug-susceptible tuberculosis,Number,2017,218205.03445398054,258489.0133436575,181365.6542295092
Prevalence,Philippines,Both,50-69 years,Drug-susceptible tuberculosis,Number,2017,75541.89543338836,92343.27869916521,61175.61780631752
Prevalence,Philippines,Both,70+ years,Drug-susceptible tuberculosis,Number,2017,42343.15848940122,52133.18269262434,33066.85791061913
Prevalence,Bangladesh,Both,15-49 years,Tuberculosis,Number,2018,6647694.584613392,7849063.644910002,5583499.95298962
Prevalence,Bangladesh,Both,50-69 years,Tuberculosis,Number,2018,1665106.340370567,2115197.646546496,1283442.1894958816
Prevalence,Bangladesh,Both,70+ years,Tuberculosis,Number,2018,446937.0865738037,566485.8972099844,341870.9383512505
Prevalence,Bangladesh,Both,15-49 years,Drug-susceptible tuberculosis,Number,2018,162470.69608457197,200448.4112773902,130400.60956361383
Prevalence,Bangladesh,Both,50-69 years,Drug-susceptible tuberculosis,Number,2018,72424.83652251527,94176.9945281134,54667.50611898116
Prevalence,Bangladesh,Both,70+ years,Drug-susceptible tuberculosis,Number,2018,50102.373897084566,65800.87643420603,36900.682191198626
Prevalence,Viet Nam,Both,15-49 years,Tuberculosis,Number,2018,26225645.37098035,28469967.619828857,23590079.779938344
Prevalence,Viet Nam,Both,50-69 years,Tuberculosis,Number,2018,8900760.290132757,9773398.374116922,7837296.334579828
Prevalence,Viet Nam,Both,70+ years,Tuberculosis,Number,2018,2217672.865893522,2383292.5815868503,1945108.980368871
Prevalence,Bangladesh,Both,15-49 years,Tuberculosis,Number,2017,6853993.183623081,8101049.099915251,5733714.158382742
Prevalence,Bangladesh,Both,50-69 years,Tuberculosis,Number,2017,1677573.0149489357,2150559.125238192,1287477.178059091
Prevalence,Bangladesh,Both,70+ years,Tuberculosis,Number,2017,443583.1524342092,565349.4882345141,339023.7434832334
Prevalence,Viet Nam,Both,15-49 years,Drug-susceptible tuberculosis,Number,2017,91071.11997415929,105328.78793764944,77007.21454519429
Prevalence,Viet Nam,Both,50-69 years,Drug-susceptible tuberculosis,Number,2017,28110.551157595703,33170.31270963871,23566.65685829207
Prevalence,Viet Nam,Both,70+ years,Drug-susceptible tuberculosis,Number,2017,32726.539697678003,37986.39577896496,27317.57139868968
Prevalence,Viet Nam,Both,15-49 years,Drug-susceptible tuberculosis,Number,2018,89173.37569785143,103202.08056928052,75200.36084176962
Prevalence,Viet Nam,Both,50-69 years,Drug-susceptible tuberculosis,Number,2018,29470.904147801088,34721.7715788683,24904.771385967906
Prevalence,Viet Nam,Both,70+ years,Drug-susceptible tuberculosis,Number,2018,32720.529424743192,37982.037166546244,27346.112413365117
Prevalence,Viet Nam,Both,15-49 years,Tuberculosis,Number,2017,26222658.519936353,28425149.860880174,23637523.622461386
Prevalence,Viet Nam,Both,50-69 years,Tuberculosis,Number,2017,8557874.294750001,9385456.51849934,7555452.105253419
Prevalence,Viet Nam,Both,70+ years,Tuberculosis,Number,2017,2188167.939017893,2354726.1024705777,1918980.5024792117
Prevalence,Cambodia,Both,15-49 years,Tuberculosis,Number,2018,3302039.9300603312,3870780.811228065,2794554.0719297845
Prevalence,Cambodia,Both,50-69 years,Tuberculosis,Number,2018,922589.8537780044,1113238.0636556533,745382.7611744885
Prevalence,Cambodia,Both,70+ years,Tuberculosis,Number,2018,218499.28526369404,270908.42803079146,167870.64073266785
Prevalence,Cambodia,Both,15-49 years,Drug-susceptible tuberculosis,Number,2018,44942.44268778016,54483.26475568848,36627.11547583682
Prevalence,Cambodia,Both,50-69 years,Drug-susceptible tuberculosis,Number,2018,13231.975850445982,16923.394386839504,10234.223375311356
Prevalence,Cambodia,Both,70+ years,Drug-susceptible tuberculosis,Number,2018,10690.45290366845,13777.126041521311,7977.58148846793
Prevalence,Bangladesh,Both,15-49 years,Drug-susceptible tuberculosis,Number,2017,167575.9560887983,205310.3781238798,134738.60450747615
Prevalence,Bangladesh,Both,50-69 years,Drug-susceptible tuberculosis,Number,2017,73037.43092975623,95075.50268694031,55442.76322521441
Prevalence,Bangladesh,Both,70+ years,Drug-susceptible tuberculosis,Number,2017,49800.48917655301,65550.64719997051,36247.627571338606
Prevalence,Nepal,Both,15-49 years,Tuberculosis,Number,2018,2201738.7025802773,2622212.3082975624,1813596.6698332212
Prevalence,Nepal,Both,50-69 years,Tuberculosis,Number,2018,537520.0372728491,682185.1671251981,424286.6438475147
Prevalence,Nepal,Both,70+ years,Tuberculosis,Number,2018,127343.88322139657,163558.3737665361,97364.8862562916
Prevalence,Philippines,Both,15-49 years,Tuberculosis,Number,2019,25984569.01450354,29138423.0209965,22716420.92235594
Prevalence,Philippines,Both,50-69 years,Tuberculosis,Number,2019,6841959.080864548,7871136.807616852,5751910.363678654
Prevalence,Philippines,Both,70+ years,Tuberculosis,Number,2019,1689371.2999665446,1912595.7308962098,1402721.5024186147
Prevalence,Viet Nam,Both,15-49 years,Tuberculosis,Number,2019,26270426.539371185,28631917.71441758,23570258.291743446
Prevalence,Viet Nam,Both,50-69 years,Tuberculosis,Number,2019,9247253.17294728,10225226.30741923,8097447.727473848
Prevalence,Viet Nam,Both,70+ years,Tuberculosis,Number,2019,2255584.312501031,2439272.715966428,1967113.2544950373
Prevalence,Bangladesh,Both,15-49 years,Tuberculosis,Number,2019,6425964.749137829,7617125.263862236,5358189.510311208
Prevalence,Bangladesh,Both,50-69 years,Tuberculosis,Number,2019,1640734.140833179,2084917.2584305294,1267744.4837365446
Prevalence,Bangladesh,Both,70+ years,Tuberculosis,Number,2019,449741.65708381,576243.7801312176,343593.2171467712
Prevalence,Philippines,Both,15-49 years,Drug-susceptible tuberculosis,Number,2019,225770.85332241582,270160.9517372793,186470.75744572593
Prevalence,Philippines,Both,50-69 years,Drug-susceptible tuberculosis,Number,2019,80423.04389875075,99214.0990655317,64755.0773663636
Prevalence,Philippines,Both,70+ years,Drug-susceptible tuberculosis,Number,2019,49149.45133613349,60436.881105279426,38457.87320808354
Prevalence,Bangladesh,Both,15-49 years,Drug-susceptible tuberculosis,Number,2019,156697.1419532973,194951.69034016805,124828.18587732331
Prevalence,Bangladesh,Both,50-69 years,Drug-susceptible tuberculosis,Number,2019,71115.59049270494,93425.01669693198,53572.2733758733
Prevalence,Bangladesh,Both,70+ years,Drug-susceptible tuberculosis,Number,2019,50046.03396572992,66329.37380746048,36861.7324721113
Prevalence,Cambodia,Both,15-49 years,Tuberculosis,Number,2019,3301792.0670377268,3857288.4401011067,2784588.250596303
Prevalence,Cambodia,Both,50-69 years,Tuberculosis,Number,2019,945566.4642091023,1141145.728366555,762479.5740163197
Prevalence,Cambodia,Both,70+ years,Tuberculosis,Number,2019,224800.97082703284,279912.3278357271,173329.92010461504
Prevalence,Viet Nam,Both,15-49 years,Drug-susceptible tuberculosis,Number,2019,84931.04092272538,99538.70567219806,70710.57153921024
Prevalence,Viet Nam,Both,50-69 years,Drug-susceptible tuberculosis,Number,2019,30790.068268383846,36790.99897892766,25722.667963516404
Prevalence,Viet Nam,Both,70+ years,Drug-susceptible tuberculosis,Number,2019,32152.107198871985,37553.65288281432,26298.119961882796
Prevalence,Cambodia,Both,15-49 years,Drug-susceptible tuberculosis,Number,2019,43676.46739615219,53852.8994451814,34984.005639455936
Prevalence,Cambodia,Both,50-69 years,Drug-susceptible tuberculosis,Number,2019,13782.620889128064,17885.15750482011,10406.96603281358
Prevalence,Cambodia,Both,70+ years,Drug-susceptible tuberculosis,Number,2019,11236.409934464711,14620.748931366905,8225.253202904716
Prevalence,Nepal,Both,15-49 years,Drug-susceptible tuberculosis,Number,2019,34192.9230819535,42868.358534885665,27219.568496123193
Prevalence,Nepal,Both,50-69 years,Drug-susceptible tuberculosis,Number,2019,17690.029582193856,23463.035552370973,13234.140308661053
Prevalence,Nepal,Both,70+ years,Drug-susceptible tuberculosis,Number,2019,10437.480732703949,14066.445469597196,7597.447206228072
Prevalence,Nepal,Both,15-49 years,Tuberculosis,Number,2019,2149336.650649188,2577761.930213192,1763596.6348645815
Prevalence,Nepal,Both,50-69 years,Tuberculosis,Number,2019,528900.4625638461,675161.0489000148,415132.1819625937
Prevalence,Nepal,Both,70+ years,Tuberculosis,Number,2019,126162.98982040901,164347.63530369353,96250.10712311938
